{
  "id": "d5450183-549e-45ad-9d38-7a47f09036d5",
  "generation": 0,
  "iteration": 0,
  "timestamp": 1763232773.3681085,
  "parent_id": null,
  "metrics": {
    "area_score": 1.916248,
    "delay_score": -1.466161,
    "speed_score": -2.741195,
    "overall_score": 0.22504349999999995,
    "combined_score": 0.22504349999999995,
    "failed_rate": 0.0
  },
  "language": "cpp",
  "saved_at": 1763232857.2084491
}