{
  "id": "34cb29f8-12b7-41e4-b397-d81f8c029744",
  "generation": 0,
  "iteration": 0,
  "current_iteration": 3,
  "metrics": {
    "area_score": 0.000204,
    "delay_score": 0.0,
    "speed_score": -1.994337,
    "overall_score": 0.000102,
    "combined_score": 0.000102,
    "failed_rate": 0.0
  },
  "language": "cpp",
  "timestamp": 1763273928.978783,
  "saved_at": 1763273994.1880352
}