{"island_feature_maps": [{"5-0": "34cb29f8-12b7-41e4-b397-d81f8c029744", "9-5": "9c1f81f9-64ea-4ad6-9666-39cb636ca1bc", "8-0": "903b437e-17f1-44a6-8422-5ca4133da878", "9-9": "a3407bf1-bf18-45d3-9065-16d1ddccc31f"}, {}, {}], "islands": [["903b437e-17f1-44a6-8422-5ca4133da878", "34cb29f8-12b7-41e4-b397-d81f8c029744", "a3407bf1-bf18-45d3-9065-16d1ddccc31f", "9c1f81f9-64ea-4ad6-9666-39cb636ca1bc"], [], []], "archive": ["903b437e-17f1-44a6-8422-5ca4133da878", "34cb29f8-12b7-41e4-b397-d81f8c029744", "a3407bf1-bf18-45d3-9065-16d1ddccc31f", "9c1f81f9-64ea-4ad6-9666-39cb636ca1bc"], "best_program_id": "34cb29f8-12b7-41e4-b397-d81f8c029744", "island_best_programs": ["34cb29f8-12b7-41e4-b397-d81f8c029744", null, null], "last_iteration": 3, "current_island": 1, "island_generations": [2, 1, 0], "last_migration_generation": 0, "feature_stats": {"complexity": {"min": 5117.0, "max": 5278.0, "values": [5117.0, 5230.0, 5213.0, 5278.0]}, "diversity": {"min": 10.65, "max": 22.46666666666667, "values": [21.3, 10.65, 22.46666666666667]}}}