{
  "id": "91dfeac5-f3b2-4be8-8f5f-1d0d3b0668be",
  "generation": 0,
  "iteration": 0,
  "timestamp": 1763229767.961342,
  "parent_id": null,
  "metrics": {
    "area_score": 0.000973,
    "delay_score": 0.0,
    "speed_score": -1.879734,
    "overall_score": 0.0004865,
    "combined_score": 0.0004865,
    "failed_rate": 0.0
  },
  "language": "cpp",
  "saved_at": 1763229826.5248559
}