{
  "id": "61c42dfe-806a-4ad6-bcc3-45be86d26ff2",
  "generation": 0,
  "iteration": 0,
  "current_iteration": 3,
  "metrics": {
    "area_score": 1.052886,
    "delay_score": -0.821407,
    "speed_score": -2.057925,
    "overall_score": 0.1157395,
    "combined_score": 0.1157395,
    "failed_rate": 0.0
  },
  "language": "cpp",
  "timestamp": 1763257896.1460752,
  "saved_at": 1763257964.378338
}