{"island_feature_maps": [{"5-0": "61c42dfe-806a-4ad6-bcc3-45be86d26ff2", "0-5": "a2a0ab2a-47fc-47b1-94dd-9bdc63f1825a", "9-0": "05918d30-d6ac-4b8b-aa1a-b8118def18e8"}, {}, {}], "islands": [["a2a0ab2a-47fc-47b1-94dd-9bdc63f1825a", "e3b0431f-f09f-42b1-b342-430c5439cef2", "05918d30-d6ac-4b8b-aa1a-b8118def18e8", "61c42dfe-806a-4ad6-bcc3-45be86d26ff2"], [], []], "archive": ["a2a0ab2a-47fc-47b1-94dd-9bdc63f1825a", "e3b0431f-f09f-42b1-b342-430c5439cef2", "05918d30-d6ac-4b8b-aa1a-b8118def18e8", "61c42dfe-806a-4ad6-bcc3-45be86d26ff2"], "best_program_id": "61c42dfe-806a-4ad6-bcc3-45be86d26ff2", "island_best_programs": ["61c42dfe-806a-4ad6-bcc3-45be86d26ff2", null, null], "last_iteration": 3, "current_island": 1, "island_generations": [2, 1, 0], "last_migration_generation": 0, "feature_stats": {"complexity": {"min": 9148.0, "max": 10226.0, "values": [10029.0, 9148.0, 10204.0, 10226.0]}, "diversity": {"min": 134.06666666666666, "max": 278.1, "values": [278.1, 197.05, 134.06666666666666]}}}