{
  "id": "28a21cee-8513-4a07-9de2-035e93084e83",
  "generation": 0,
  "iteration": 0,
  "current_iteration": 3,
  "metrics": {
    "area_score": 1.187989,
    "delay_score": -0.818704,
    "speed_score": -2.120999,
    "overall_score": 0.1846425,
    "combined_score": 0.1846425,
    "failed_rate": 0.0
  },
  "language": "cpp",
  "timestamp": 1763260921.8708441,
  "saved_at": 1763260980.0638587
}