{"island_feature_maps": [{"5-0": "28a21cee-8513-4a07-9de2-035e93084e83", "9-5": "5e05b7d6-29c4-4618-9ba9-b04cb4433ab5", "9-9": "bb7591f1-c90c-49a6-b7a9-8edceb799694", "0-0": "049d3fa3-91c1-43da-a2ec-4338dc3a7f95"}, {}, {}], "islands": [["28a21cee-8513-4a07-9de2-035e93084e83", "049d3fa3-91c1-43da-a2ec-4338dc3a7f95", "bb7591f1-c90c-49a6-b7a9-8edceb799694", "5e05b7d6-29c4-4618-9ba9-b04cb4433ab5"], [], []], "archive": ["28a21cee-8513-4a07-9de2-035e93084e83", "049d3fa3-91c1-43da-a2ec-4338dc3a7f95", "bb7591f1-c90c-49a6-b7a9-8edceb799694", "5e05b7d6-29c4-4618-9ba9-b04cb4433ab5"], "best_program_id": "28a21cee-8513-4a07-9de2-035e93084e83", "island_best_programs": ["28a21cee-8513-4a07-9de2-035e93084e83", null, null], "last_iteration": 3, "current_island": 1, "island_generations": [1, 2, 0], "last_migration_generation": 0, "feature_stats": {"complexity": {"min": 5797.0, "max": 6067.0, "values": [5797.0, 5920.0, 6067.0, 5816.0]}, "diversity": {"min": 40.13333333333333, "max": 56.6, "values": [42.8, 56.6, 40.13333333333333]}}}