{"island_feature_maps": [{"5-0": "0c4637df-5087-462d-9d22-eca4e34127f3", "0-5": "297b38fd-5b45-4fb3-b425-88f2784bedfc", "0-9": "3de73fb6-7fae-4f27-8211-aec783e0c862", "9-9": "35129e0e-7967-439e-8616-ca3ed9e2a85f"}, {}, {}], "islands": [["297b38fd-5b45-4fb3-b425-88f2784bedfc", "0c4637df-5087-462d-9d22-eca4e34127f3", "35129e0e-7967-439e-8616-ca3ed9e2a85f", "3de73fb6-7fae-4f27-8211-aec783e0c862"], [], []], "archive": ["297b38fd-5b45-4fb3-b425-88f2784bedfc", "0c4637df-5087-462d-9d22-eca4e34127f3", "35129e0e-7967-439e-8616-ca3ed9e2a85f", "3de73fb6-7fae-4f27-8211-aec783e0c862"], "best_program_id": "0c4637df-5087-462d-9d22-eca4e34127f3", "island_best_programs": ["0c4637df-5087-462d-9d22-eca4e34127f3", null, null], "last_iteration": 3, "current_island": 2, "island_generations": [1, 1, 1], "last_migration_generation": 0, "feature_stats": {"complexity": {"min": 5783.0, "max": 5817.0, "values": [5797.0, 5789.0, 5783.0, 5817.0]}, "diversity": {"min": 0.8, "max": 3.233333333333334, "values": [0.8, 1.0, 3.233333333333334]}}}