{
  "id": "00e88b46-df98-4b26-b57c-f057ea388929",
  "generation": 0,
  "iteration": 0,
  "current_iteration": 3,
  "metrics": {
    "area_score": 1.052886,
    "delay_score": -0.821407,
    "speed_score": -1.770734,
    "overall_score": 0.1157395,
    "combined_score": 0.1157395,
    "failed_rate": 0.0
  },
  "language": "cpp",
  "timestamp": 1763257742.2723057,
  "saved_at": 1763257800.116982
}