{
  "id": "77a6b0c0-7a9f-415d-9207-ece617320840",
  "generation": 0,
  "iteration": 0,
  "current_iteration": 3,
  "metrics": {
    "area_score": 0.009186,
    "delay_score": 0.0,
    "speed_score": -1.81278,
    "overall_score": 0.004593,
    "combined_score": 0.004593,
    "failed_rate": 0.0
  },
  "language": "cpp",
  "timestamp": 1763274846.755567,
  "saved_at": 1763274916.2454982
}