{"island_feature_maps": [{"5-0": "77a6b0c0-7a9f-415d-9207-ece617320840", "0-5": "c9f451ca-b371-4493-aeb7-b50891b6abf7", "0-0": "52c6d23d-c908-4bdf-aaab-9a7853f6e7fa"}, {}, {}], "islands": [["77a6b0c0-7a9f-415d-9207-ece617320840", "c9f451ca-b371-4493-aeb7-b50891b6abf7", "52c6d23d-c908-4bdf-aaab-9a7853f6e7fa", "bf0713d9-a6fd-40a7-94e3-7851c12744da"], [], []], "archive": ["77a6b0c0-7a9f-415d-9207-ece617320840", "c9f451ca-b371-4493-aeb7-b50891b6abf7", "52c6d23d-c908-4bdf-aaab-9a7853f6e7fa", "bf0713d9-a6fd-40a7-94e3-7851c12744da"], "best_program_id": "77a6b0c0-7a9f-415d-9207-ece617320840", "island_best_programs": ["77a6b0c0-7a9f-415d-9207-ece617320840", null, null], "last_iteration": 3, "current_island": 1, "island_generations": [1, 2, 0], "last_migration_generation": 0, "feature_stats": {"complexity": {"min": 9684.0, "max": 9946.0, "values": [9946.0, 9747.0, 9684.0, 9684.0]}, "diversity": {"min": 46.5, "max": 60.400000000000006, "values": [60.400000000000006, 46.5, 46.5]}}}