{
  "id": "3f66f2b1-4cc1-4600-b3a7-002ce5b3d6b3",
  "generation": 5,
  "iteration": 66,
  "timestamp": 1763266200.7384655,
  "parent_id": "c0c99414-e644-4281-bd67-766fab6eb81b",
  "metrics": {
    "area_score": 0.034835,
    "delay_score": 0.0,
    "speed_score": -1.678889,
    "overall_score": 0.0174175,
    "combined_score": 0.0174175,
    "failed_rate": 0.090909
  },
  "language": "cpp",
  "saved_at": 1763266658.5024798
}