{
  "id": "4a6506ca-ab15-4075-85ef-a69b22847151",
  "generation": 0,
  "iteration": 0,
  "current_iteration": 3,
  "metrics": {
    "area_score": 0.000973,
    "delay_score": 0.0,
    "speed_score": -1.794704,
    "overall_score": 0.0004865,
    "combined_score": 0.0004865,
    "failed_rate": 0.0
  },
  "language": "cpp",
  "timestamp": 1763229491.3560026,
  "saved_at": 1763229541.835565
}