{"island_feature_maps": [{"5-0": "4a6506ca-ab15-4075-85ef-a69b22847151", "9-5": "96878978-dc22-47e9-81b5-8a590df64dfa", "9-0": "b535ef51-500d-40c9-817d-9faf7544b7dc"}, {}, {}], "islands": [["fc096af1-3267-4226-a5e9-250cf0a36323", "b535ef51-500d-40c9-817d-9faf7544b7dc", "96878978-dc22-47e9-81b5-8a590df64dfa", "4a6506ca-ab15-4075-85ef-a69b22847151"], [], []], "archive": ["fc096af1-3267-4226-a5e9-250cf0a36323", "b535ef51-500d-40c9-817d-9faf7544b7dc", "96878978-dc22-47e9-81b5-8a590df64dfa", "4a6506ca-ab15-4075-85ef-a69b22847151"], "best_program_id": "4a6506ca-ab15-4075-85ef-a69b22847151", "island_best_programs": ["4a6506ca-ab15-4075-85ef-a69b22847151", null, null], "last_iteration": 3, "current_island": 1, "island_generations": [2, 1, 0], "last_migration_generation": 0, "feature_stats": {"complexity": {"min": 5481.0, "max": 5555.0, "values": [5481.0, 5554.0, 5554.0, 5555.0]}, "diversity": {"min": 2.6999999999999997, "max": 7.800000000000001, "values": [7.800000000000001, 7.800000000000001, 2.6999999999999997]}}}