{"island_feature_maps": [{"5-0": "a7f420b1-9b59-4767-adf1-2ab20eb80e25", "0-5": "8c941bed-a585-4f40-8d70-1d6f38f4f95d", "4-0": "3b25757c-9842-425f-8c3d-ca6897f758ec"}, {}, {}], "islands": [["e8b9fe4a-46b3-4a5e-9811-a51845cd76e0", "8c941bed-a585-4f40-8d70-1d6f38f4f95d", "a7f420b1-9b59-4767-adf1-2ab20eb80e25", "3b25757c-9842-425f-8c3d-ca6897f758ec"], [], []], "archive": ["e8b9fe4a-46b3-4a5e-9811-a51845cd76e0", "8c941bed-a585-4f40-8d70-1d6f38f4f95d", "a7f420b1-9b59-4767-adf1-2ab20eb80e25", "3b25757c-9842-425f-8c3d-ca6897f758ec"], "best_program_id": "a7f420b1-9b59-4767-adf1-2ab20eb80e25", "island_best_programs": ["a7f420b1-9b59-4767-adf1-2ab20eb80e25", null, null], "last_iteration": 3, "current_island": 1, "island_generations": [2, 1, 0], "last_migration_generation": 0, "feature_stats": {"complexity": {"min": 5341.0, "max": 5540.0, "values": [5540.0, 5341.0, 5440.0, 5440.0]}, "diversity": {"min": 29.95, "max": 59.900000000000006, "values": [59.900000000000006, 29.95, 29.95]}}}