{"island_feature_maps": [{"5-0": "daf21868-c521-43aa-9b1b-19e1681f65b8", "9-5": "93ca4771-a12f-4d61-81b3-f07f8c1a8c00", "9-0": "1f446371-ca25-4278-b81e-c6be69294000"}, {}, {}], "islands": [["93ca4771-a12f-4d61-81b3-f07f8c1a8c00", "36d11096-090d-463a-b7f9-0e9db130dc45", "daf21868-c521-43aa-9b1b-19e1681f65b8", "1f446371-ca25-4278-b81e-c6be69294000"], [], []], "archive": ["93ca4771-a12f-4d61-81b3-f07f8c1a8c00", "36d11096-090d-463a-b7f9-0e9db130dc45", "daf21868-c521-43aa-9b1b-19e1681f65b8", "1f446371-ca25-4278-b81e-c6be69294000"], "best_program_id": "daf21868-c521-43aa-9b1b-19e1681f65b8", "island_best_programs": ["daf21868-c521-43aa-9b1b-19e1681f65b8", null, null], "last_iteration": 3, "current_island": 1, "island_generations": [2, 1, 0], "last_migration_generation": 0, "feature_stats": {"complexity": {"min": 9881.0, "max": 9900.0, "values": [9881.0, 9894.0, 9894.0, 9900.0]}, "diversity": {"min": 1.0333333333333334, "max": 1.3, "values": [1.3, 1.3, 1.0333333333333334]}}}