{"island_feature_maps": [{"5-0": "70d031e2-6ee6-4ab9-8e71-f486ad7db9fb", "9-5": "5c6bcc6a-69e0-4e76-99bb-8c9109d83645", "9-9": "4b66aae7-ef5f-413b-a239-baf3502e3d3a", "9-0": "dcda4bc8-dfb2-409f-8029-6978f9fff231"}, {}, {}], "islands": [["4b66aae7-ef5f-413b-a239-baf3502e3d3a", "dcda4bc8-dfb2-409f-8029-6978f9fff231", "70d031e2-6ee6-4ab9-8e71-f486ad7db9fb", "5c6bcc6a-69e0-4e76-99bb-8c9109d83645"], [], []], "archive": ["4b66aae7-ef5f-413b-a239-baf3502e3d3a", "dcda4bc8-dfb2-409f-8029-6978f9fff231", "70d031e2-6ee6-4ab9-8e71-f486ad7db9fb", "5c6bcc6a-69e0-4e76-99bb-8c9109d83645"], "best_program_id": "4b66aae7-ef5f-413b-a239-baf3502e3d3a", "island_best_programs": ["4b66aae7-ef5f-413b-a239-baf3502e3d3a", null, null], "last_iteration": 3, "current_island": 1, "island_generations": [1, 2, 0], "last_migration_generation": 0, "feature_stats": {"complexity": {"min": 5117.0, "max": 5481.0, "values": [5117.0, 5322.0, 5481.0, 5460.0]}, "diversity": {"min": 50.400000000000006, "max": 76.65, "values": [61.5, 76.65, 50.400000000000006]}}}