{
  "id": "10aa33d6-c8a6-4579-bdde-c61c8a32d32d",
  "generation": 0,
  "iteration": 0,
  "current_iteration": 3,
  "metrics": {
    "area_score": 1.901989,
    "delay_score": -1.484214,
    "speed_score": -2.507939,
    "overall_score": 0.2088875,
    "combined_score": 0.2088875,
    "failed_rate": 0.0
  },
  "language": "cpp",
  "timestamp": 1763231244.061772,
  "saved_at": 1763231298.3311481
}