{"island_feature_maps": [{"5-0": "10aa33d6-c8a6-4579-bdde-c61c8a32d32d", "9-5": "23ef346e-9298-4886-9a0e-5cd68ee2f3eb", "9-9": "7159b404-28d3-4ead-9fbd-be4c25fa33fc"}, {}, {}], "islands": [["23ef346e-9298-4886-9a0e-5cd68ee2f3eb", "7159b404-28d3-4ead-9fbd-be4c25fa33fc", "10aa33d6-c8a6-4579-bdde-c61c8a32d32d", "814d02ef-6055-40e5-82d1-f0b812e2b493"], [], []], "archive": ["23ef346e-9298-4886-9a0e-5cd68ee2f3eb", "7159b404-28d3-4ead-9fbd-be4c25fa33fc", "10aa33d6-c8a6-4579-bdde-c61c8a32d32d", "814d02ef-6055-40e5-82d1-f0b812e2b493"], "best_program_id": "10aa33d6-c8a6-4579-bdde-c61c8a32d32d", "island_best_programs": ["10aa33d6-c8a6-4579-bdde-c61c8a32d32d", null, null], "last_iteration": 3, "current_island": 1, "island_generations": [1, 2, 0], "last_migration_generation": 0, "feature_stats": {"complexity": {"min": 13311.0, "max": 13425.0, "values": [13311.0, 13324.0, 13353.0, 13425.0]}, "diversity": {"min": 1.8, "max": 20.233333333333334, "values": [1.8, 3.8000000000000003, 20.233333333333334]}}}