{"island_feature_maps": [{"5-0": "a564cce8-df02-449e-8d5e-6c4ffad08eae", "9-5": "c497b084-f514-4172-8907-a5b0f3f9902a", "4-0": "c00f616b-7298-4d33-815e-f0550f5312d7", "0-5": "3e333908-cc1b-4ba3-9a4c-ae98b04a64c5"}, {}, {}], "islands": [["a564cce8-df02-449e-8d5e-6c4ffad08eae", "c497b084-f514-4172-8907-a5b0f3f9902a", "3e333908-cc1b-4ba3-9a4c-ae98b04a64c5", "c00f616b-7298-4d33-815e-f0550f5312d7"], [], []], "archive": ["a564cce8-df02-449e-8d5e-6c4ffad08eae", "c497b084-f514-4172-8907-a5b0f3f9902a", "3e333908-cc1b-4ba3-9a4c-ae98b04a64c5", "c00f616b-7298-4d33-815e-f0550f5312d7"], "best_program_id": "a564cce8-df02-449e-8d5e-6c4ffad08eae", "island_best_programs": ["a564cce8-df02-449e-8d5e-6c4ffad08eae", null, null], "last_iteration": 3, "current_island": 2, "island_generations": [1, 1, 1], "last_migration_generation": 0, "feature_stats": {"complexity": {"min": 5523.0, "max": 5593.0, "values": [5540.0, 5593.0, 5565.0, 5523.0]}, "diversity": {"min": 2.9000000000000004, "max": 5.800000000000001, "values": [5.800000000000001, 2.9000000000000004, 4.466666666666666]}}}