{"island_feature_maps": [{"5-0": "d5571cbb-5285-4e58-a89b-38e1bca8d632", "0-5": "1634c869-1797-4e14-9aaf-978a4e71bc36", "0-0": "94a88079-dc8c-46a1-8c7f-fd8902ce3b9b", "6-0": "f7ef3945-29c1-4c92-967b-49c8f9c914ca"}, {}, {}], "islands": [["1634c869-1797-4e14-9aaf-978a4e71bc36", "94a88079-dc8c-46a1-8c7f-fd8902ce3b9b", "f7ef3945-29c1-4c92-967b-49c8f9c914ca", "d5571cbb-5285-4e58-a89b-38e1bca8d632"], [], []], "archive": ["1634c869-1797-4e14-9aaf-978a4e71bc36", "94a88079-dc8c-46a1-8c7f-fd8902ce3b9b", "f7ef3945-29c1-4c92-967b-49c8f9c914ca", "d5571cbb-5285-4e58-a89b-38e1bca8d632"], "best_program_id": "d5571cbb-5285-4e58-a89b-38e1bca8d632", "island_best_programs": ["d5571cbb-5285-4e58-a89b-38e1bca8d632", null, null], "last_iteration": 3, "current_island": 2, "island_generations": [1, 1, 1], "last_migration_generation": 0, "feature_stats": {"complexity": {"min": 6922.0, "max": 6948.0, "values": [6948.0, 6929.0, 6922.0, 6938.0]}, "diversity": {"min": 1.6666666666666667, "max": 3.4000000000000004, "values": [3.4000000000000004, 2.4, 1.6666666666666667]}}}