{
  "id": "73918161-178c-4079-ae40-abe9e8a75b12",
  "generation": 0,
  "iteration": 0,
  "current_iteration": 3,
  "metrics": {
    "area_score": 0.012623,
    "delay_score": 0.0,
    "speed_score": -1.710345,
    "overall_score": 0.0063115,
    "combined_score": 0.0063115,
    "failed_rate": 0.0
  },
  "language": "cpp",
  "timestamp": 1763276312.5414581,
  "saved_at": 1763276374.0433085
}