{
  "id": "03586e4c-28fe-4332-885b-1a44fcd2e400",
  "generation": 0,
  "iteration": 0,
  "timestamp": 1763261399.6186485,
  "parent_id": null,
  "metrics": {
    "area_score": 1.187989,
    "delay_score": -0.818704,
    "speed_score": -2.242473,
    "overall_score": 0.1846425,
    "combined_score": 0.1846425,
    "failed_rate": 0.0
  },
  "language": "cpp",
  "saved_at": 1763261459.8639114
}