{
  "id": "6d3ed36e-7d60-4c05-9ffd-60a235d6c2e8",
  "generation": 0,
  "iteration": 0,
  "current_iteration": 10,
  "metrics": {
    "runs_successfully": 1.0,
    "value_score": 0.9708208836878681,
    "distance_score": 0.6558848065320387,
    "overall_score": 0.23593074849069365,
    "standard_deviation_score": 0.5515337543825032,
    "speed_score": 1.0,
    "reliability_score": 1.0,
    "combined_score": 0.7796537424534681,
    "success_rate": 1.0
  },
  "language": "python",
  "timestamp": 1755331201.9802778,
  "saved_at": 1755331283.7177694
}