{"island_feature_maps": [{"5-0": "9695e323-cade-4bfa-bbe3-42825f7ecd43", "9-5": "8b01c667-a30b-403a-b0aa-c5b330f66711", "9-0": "18ce165e-67a3-45f4-90d0-062f44c8d39d"}, {}, {}], "islands": [["18ce165e-67a3-45f4-90d0-062f44c8d39d", "f5f04231-4d0f-447c-a0fe-b6b932796d03", "9695e323-cade-4bfa-bbe3-42825f7ecd43", "8b01c667-a30b-403a-b0aa-c5b330f66711"], [], []], "archive": ["18ce165e-67a3-45f4-90d0-062f44c8d39d", "f5f04231-4d0f-447c-a0fe-b6b932796d03", "9695e323-cade-4bfa-bbe3-42825f7ecd43", "8b01c667-a30b-403a-b0aa-c5b330f66711"], "best_program_id": "9695e323-cade-4bfa-bbe3-42825f7ecd43", "island_best_programs": ["9695e323-cade-4bfa-bbe3-42825f7ecd43", null, null], "last_iteration": 3, "current_island": 1, "island_generations": [2, 1, 0], "last_migration_generation": 0, "feature_stats": {"complexity": {"min": 9553.0, "max": 9654.0, "values": [9553.0, 9652.0, 9654.0, 9646.0]}, "diversity": {"min": 10.566666666666668, "max": 19.9, "values": [19.9, 10.65, 10.566666666666668]}}}