{
  "id": "404d4a3f-9448-4548-9768-2cedc0b36de9",
  "generation": 0,
  "iteration": 0,
  "current_iteration": 3,
  "metrics": {
    "area_score": 1.916248,
    "delay_score": -1.466161,
    "speed_score": -2.594556,
    "overall_score": 0.22504349999999995,
    "combined_score": 0.22504349999999995,
    "failed_rate": 0.0
  },
  "language": "cpp",
  "timestamp": 1763232412.9842384,
  "saved_at": 1763232501.1255987
}