{"island_feature_maps": [{"5-0": "3ed6421f-7e3d-4370-b740-091d6945ed04", "9-5": "32abd8cb-1829-4bfa-b8f9-0f4d3210fdca", "9-0": "e062ec08-6abf-4c9c-9d1a-a05afec5e71b", "6-0": "9351a7b1-0899-4a4c-b212-766d91873c76"}, {}, {}], "islands": [["9351a7b1-0899-4a4c-b212-766d91873c76", "3ed6421f-7e3d-4370-b740-091d6945ed04", "e062ec08-6abf-4c9c-9d1a-a05afec5e71b", "32abd8cb-1829-4bfa-b8f9-0f4d3210fdca"], [], []], "archive": ["9351a7b1-0899-4a4c-b212-766d91873c76", "3ed6421f-7e3d-4370-b740-091d6945ed04", "e062ec08-6abf-4c9c-9d1a-a05afec5e71b", "32abd8cb-1829-4bfa-b8f9-0f4d3210fdca"], "best_program_id": "32abd8cb-1829-4bfa-b8f9-0f4d3210fdca", "island_best_programs": ["32abd8cb-1829-4bfa-b8f9-0f4d3210fdca", null, null], "last_iteration": 3, "current_island": 2, "island_generations": [1, 1, 1], "last_migration_generation": 0, "feature_stats": {"complexity": {"min": 5481.0, "max": 5825.0, "values": [5481.0, 5700.0, 5825.0, 5709.0]}, "diversity": {"min": 29.76666666666667, "max": 63.400000000000006, "values": [63.400000000000006, 54.2, 29.76666666666667]}}}