{"island_feature_maps": [{"5-0": "4fa41dd6-6dfc-4b49-8d3b-0ea2bbca6c89", "9-5": "bca314b4-7f83-41d5-a006-e85128fb70ea", "9-0": "12c124e4-4944-484b-92d6-bb2dab00180f", "6-0": "b541b418-4c12-41ea-b077-cc957d03cdf8"}, {}, {}], "islands": [["12c124e4-4944-484b-92d6-bb2dab00180f", "4fa41dd6-6dfc-4b49-8d3b-0ea2bbca6c89", "bca314b4-7f83-41d5-a006-e85128fb70ea", "b541b418-4c12-41ea-b077-cc957d03cdf8"], [], []], "archive": ["12c124e4-4944-484b-92d6-bb2dab00180f", "4fa41dd6-6dfc-4b49-8d3b-0ea2bbca6c89", "bca314b4-7f83-41d5-a006-e85128fb70ea", "b541b418-4c12-41ea-b077-cc957d03cdf8"], "best_program_id": "4fa41dd6-6dfc-4b49-8d3b-0ea2bbca6c89", "island_best_programs": ["4fa41dd6-6dfc-4b49-8d3b-0ea2bbca6c89", null, null], "last_iteration": 3, "current_island": 0, "island_generations": [3, 0, 0], "last_migration_generation": 0, "feature_stats": {"complexity": {"min": 13311.0, "max": 13374.0, "values": [13311.0, 13370.0, 13374.0, 13350.0]}, "diversity": {"min": 9.433333333333332, "max": 25.9, "values": [25.9, 13.35, 9.433333333333332]}}}