{
  "id": "310919e4-2a9e-4e33-99c5-151729d61f2b",
  "generation": 0,
  "iteration": 0,
  "current_iteration": 3,
  "metrics": {
    "area_score": 0.000204,
    "delay_score": 0.0,
    "speed_score": -1.715286,
    "overall_score": 0.000102,
    "combined_score": 0.000102,
    "failed_rate": 0.0
  },
  "language": "cpp",
  "timestamp": 1763273526.9892976,
  "saved_at": 1763273591.8008814
}