{"island_feature_maps": [{"5-0": "4f0fb64a-3b35-42b1-8c69-ae37cac1cd8f", "9-5": "9891c5b8-d1e9-4131-b9b6-6b334d63938e", "9-9": "96c7a03f-7f34-4291-887a-3f6a2e030acb", "6-0": "03fd9a55-5cc6-4517-b8c6-7ce17f0afb40"}, {}, {}], "islands": [["4f0fb64a-3b35-42b1-8c69-ae37cac1cd8f", "96c7a03f-7f34-4291-887a-3f6a2e030acb", "03fd9a55-5cc6-4517-b8c6-7ce17f0afb40", "9891c5b8-d1e9-4131-b9b6-6b334d63938e"], [], []], "archive": ["4f0fb64a-3b35-42b1-8c69-ae37cac1cd8f", "96c7a03f-7f34-4291-887a-3f6a2e030acb", "03fd9a55-5cc6-4517-b8c6-7ce17f0afb40", "9891c5b8-d1e9-4131-b9b6-6b334d63938e"], "best_program_id": "96c7a03f-7f34-4291-887a-3f6a2e030acb", "island_best_programs": ["96c7a03f-7f34-4291-887a-3f6a2e030acb", null, null], "last_iteration": 3, "current_island": 1, "island_generations": [1, 2, 0], "last_migration_generation": 0, "feature_stats": {"complexity": {"min": 5700.0, "max": 6335.0, "values": [5700.0, 6198.0, 6335.0, 6138.0]}, "diversity": {"min": 72.33333333333333, "max": 130.85, "values": [110.30000000000001, 130.85, 72.33333333333333]}}}