{
  "id": "b7cc257e-6964-49cc-bc12-8f0bfcd5364b",
  "generation": 0,
  "iteration": 0,
  "timestamp": 1763273326.4318185,
  "parent_id": null,
  "metrics": {
    "area_score": 0.000204,
    "delay_score": 0.0,
    "speed_score": -1.7077,
    "overall_score": 0.000102,
    "combined_score": 0.000102,
    "failed_rate": 0.0
  },
  "language": "cpp",
  "saved_at": 1763273406.783492
}