{"island_feature_maps": [{"5-0": "7dbaafde-3900-46f8-b174-f57e0d07c8ca", "9-5": "b2c692a6-b39d-42a2-a893-d1c496482141", "9-9": "e626b914-fd11-4588-99fb-fdab65557612", "0-0": "bf3e13fe-407a-4d2f-912a-ec034e484998"}, {}, {}], "islands": [["7dbaafde-3900-46f8-b174-f57e0d07c8ca", "b2c692a6-b39d-42a2-a893-d1c496482141", "e626b914-fd11-4588-99fb-fdab65557612", "bf3e13fe-407a-4d2f-912a-ec034e484998"], [], []], "archive": ["7dbaafde-3900-46f8-b174-f57e0d07c8ca", "b2c692a6-b39d-42a2-a893-d1c496482141", "e626b914-fd11-4588-99fb-fdab65557612", "bf3e13fe-407a-4d2f-912a-ec034e484998"], "best_program_id": "7dbaafde-3900-46f8-b174-f57e0d07c8ca", "island_best_programs": ["7dbaafde-3900-46f8-b174-f57e0d07c8ca", null, null], "last_iteration": 3, "current_island": 1, "island_generations": [1, 2, 0], "last_migration_generation": 0, "feature_stats": {"complexity": {"min": 5797.0, "max": 5869.0, "values": [5797.0, 5804.0, 5869.0, 5804.0]}, "diversity": {"min": 1.2000000000000002, "max": 28.1, "values": [1.2000000000000002, 28.1, 1.2000000000000002]}}}