{"island_feature_maps": [{"5-0": "7de5715f-ff84-45c8-b5be-491ea48eaeed", "9-5": "42f32118-c9ab-468b-bfb8-b923ac0957a2", "6-0": "26150a28-f32a-4240-a2ff-9c1454b1ba63"}, {}, {}], "islands": [["7de5715f-ff84-45c8-b5be-491ea48eaeed", "42f32118-c9ab-468b-bfb8-b923ac0957a2", "64916522-50c0-4d54-9f2a-ba221c856dfe", "26150a28-f32a-4240-a2ff-9c1454b1ba63"], [], []], "archive": ["7de5715f-ff84-45c8-b5be-491ea48eaeed", "42f32118-c9ab-468b-bfb8-b923ac0957a2", "64916522-50c0-4d54-9f2a-ba221c856dfe", "26150a28-f32a-4240-a2ff-9c1454b1ba63"], "best_program_id": "42f32118-c9ab-468b-bfb8-b923ac0957a2", "island_best_programs": ["42f32118-c9ab-468b-bfb8-b923ac0957a2", null, null], "last_iteration": 3, "current_island": 1, "island_generations": [2, 1, 0], "last_migration_generation": 0, "feature_stats": {"complexity": {"min": 9553.0, "max": 9946.0, "values": [9553.0, 9946.0, 9803.0, 9799.0]}, "diversity": {"min": 36.733333333333334, "max": 109.80000000000001, "values": [109.80000000000001, 54.9, 36.733333333333334]}}}