{
  "id": "7b3123af-9c35-4858-9500-1a05cd3ecdde",
  "generation": 1,
  "iteration": 2,
  "timestamp": 1763232295.9187498,
  "parent_id": "0b6d8cd2-1a3d-48d4-97f7-817cb241ebc4",
  "metrics": {
    "area_score": 1.916248,
    "delay_score": -1.466161,
    "speed_score": -2.873726,
    "overall_score": 0.22504349999999995,
    "combined_score": 0.22504349999999995,
    "failed_rate": 0.0
  },
  "language": "cpp",
  "saved_at": 1763232315.6052127
}