{
  "id": "34841f1a-f070-46b3-b6f2-d943869101ac",
  "generation": 1,
  "iteration": 5,
  "current_iteration": 40,
  "metrics": {
    "area_score": 0.0,
    "delay_score": 0.0,
    "speed_score": 2.224317,
    "overall_score": 0.0,
    "failed_rate": 0.0
  },
  "language": "cpp",
  "timestamp": 1756298183.7629156,
  "saved_at": 1756299643.8971012
}