{
  "id": "699c0fa1-81c6-4b58-940e-d6d76e187c8b",
  "generation": 0,
  "iteration": 0,
  "timestamp": 1763260754.0861568,
  "parent_id": null,
  "metrics": {
    "area_score": 1.187989,
    "delay_score": -0.818704,
    "speed_score": -2.123042,
    "overall_score": 0.1846425,
    "combined_score": 0.1846425,
    "failed_rate": 0.0
  },
  "language": "cpp",
  "saved_at": 1763260825.6087055
}