{
  "overall_score": 0.29841850000000003,
  "reward": 0.22983229213077297,
  "failed_rate": 0.0,
  "error_msg": null,
  "error_type": "success",
  "is_valid_code": true,
  "is_improvement": true,
  "raw_result": {
    "area_score": 1.09756,
    "delay_score": -0.500723,
    "speed_score": -2.2931,
    "overall_score": 0.29841850000000003,
    "combined_score": 0.29841850000000003,
    "failed_rate": 0.0
  }
}