{
  "id": "cb477231-37be-495c-a317-a70aecf6685c",
  "generation": 0,
  "iteration": 0,
  "timestamp": 1763261554.7553575,
  "parent_id": null,
  "metrics": {
    "area_score": 1.187989,
    "delay_score": -0.818704,
    "speed_score": -2.223412,
    "overall_score": 0.1846425,
    "combined_score": 0.1846425,
    "failed_rate": 0.0
  },
  "language": "cpp",
  "saved_at": 1763261615.7839532
}