{
  "id": "234fdfa7-278a-47f1-90c3-cbd8b3ddaba6",
  "generation": 0,
  "iteration": 0,
  "timestamp": 1763273061.0940344,
  "parent_id": null,
  "metrics": {
    "area_score": 0.000204,
    "delay_score": 0.0,
    "speed_score": -1.837526,
    "overall_score": 0.000102,
    "combined_score": 0.000102,
    "failed_rate": 0.0
  },
  "language": "cpp",
  "saved_at": 1763273141.8237057
}