{
  "id": "9695e323-cade-4bfa-bbe3-42825f7ecd43",
  "generation": 0,
  "iteration": 0,
  "timestamp": 1763230645.7688067,
  "parent_id": null,
  "metrics": {
    "area_score": 0.452094,
    "delay_score": -0.227111,
    "speed_score": -2.21331,
    "overall_score": 0.1124915,
    "combined_score": 0.1124915,
    "failed_rate": 0.0
  },
  "language": "cpp",
  "saved_at": 1763230708.605877
}