{
  "id": "279b7819-8db7-4609-9f2b-b622c00a2e41",
  "generation": 0,
  "iteration": 0,
  "timestamp": 1763258972.17433,
  "parent_id": null,
  "metrics": {
    "area_score": 1.052886,
    "delay_score": -0.821407,
    "speed_score": -1.796426,
    "overall_score": 0.1157395,
    "combined_score": 0.1157395,
    "failed_rate": 0.0
  },
  "language": "cpp",
  "saved_at": 1763259041.008717
}