{
  "id": "ff2aaca1-bd2a-4389-8cdb-a606a5933358",
  "generation": 0,
  "iteration": 0,
  "current_iteration": 3,
  "metrics": {
    "area_score": 1.901989,
    "delay_score": -1.484214,
    "speed_score": -2.565934,
    "overall_score": 0.2088875,
    "combined_score": 0.2088875,
    "failed_rate": 0.0
  },
  "language": "cpp",
  "timestamp": 1763231531.4376273,
  "saved_at": 1763231600.4668999
}