{
  "id": "0782c90d-b96f-4573-9c9f-d06d8e271ca3",
  "generation": 0,
  "iteration": 0,
  "timestamp": 1763275202.054575,
  "parent_id": null,
  "metrics": {
    "area_score": 0.009186,
    "delay_score": 0.0,
    "speed_score": -1.798001,
    "overall_score": 0.004593,
    "combined_score": 0.004593,
    "failed_rate": 0.0
  },
  "language": "cpp",
  "saved_at": 1763275264.1089437
}