{
  "id": "4611d596-a2d8-4a14-8d33-6c5081c1470a",
  "generation": 0,
  "iteration": 0,
  "current_iteration": 3,
  "metrics": {
    "area_score": 1.070478,
    "delay_score": -0.822709,
    "speed_score": -2.037167,
    "overall_score": 0.12388450000000001,
    "combined_score": 0.12388450000000001,
    "failed_rate": 0.0
  },
  "language": "cpp",
  "timestamp": 1763259778.3148267,
  "saved_at": 1763259846.612964
}