{"island_feature_maps": [{"5-0": "4611d596-a2d8-4a14-8d33-6c5081c1470a", "9-5": "fd356315-e908-4c41-8b35-57d035e0c8d9", "0-9": "35ed5c43-5504-42a6-9f10-4fb448abfac4"}, {}, {}], "islands": [["4611d596-a2d8-4a14-8d33-6c5081c1470a", "fd356315-e908-4c41-8b35-57d035e0c8d9", "35ed5c43-5504-42a6-9f10-4fb448abfac4", "8e806748-76c3-4d22-b8b8-6dbeed5b6add"], [], []], "archive": ["4611d596-a2d8-4a14-8d33-6c5081c1470a", "fd356315-e908-4c41-8b35-57d035e0c8d9", "35ed5c43-5504-42a6-9f10-4fb448abfac4", "8e806748-76c3-4d22-b8b8-6dbeed5b6add"], "best_program_id": "4611d596-a2d8-4a14-8d33-6c5081c1470a", "island_best_programs": ["4611d596-a2d8-4a14-8d33-6c5081c1470a", null, null], "last_iteration": 3, "current_island": 1, "island_generations": [2, 1, 0], "last_migration_generation": 0, "feature_stats": {"complexity": {"min": 5540.0, "max": 5909.0, "values": [5862.0, 5909.0, 5540.0, 5540.0]}, "diversity": {"min": 4.7, "max": 95.55000000000001, "values": [4.7, 95.55000000000001, 95.55000000000001]}}}