{"island_feature_maps": [{"5-0": "cf01dd20-4035-496e-b632-4b3c4b7a1676", "0-5": "3df7b80f-f0e4-4ef6-8a4c-932da2278822", "0-9": "b0f354a2-ae7f-4d64-9cda-b46d9c8dc97e"}, {}, {}], "islands": [["3df7b80f-f0e4-4ef6-8a4c-932da2278822", "cf01dd20-4035-496e-b632-4b3c4b7a1676", "4188f620-79e9-4c8b-b31b-26e84269c216", "b0f354a2-ae7f-4d64-9cda-b46d9c8dc97e"], [], []], "archive": ["3df7b80f-f0e4-4ef6-8a4c-932da2278822", "cf01dd20-4035-496e-b632-4b3c4b7a1676", "4188f620-79e9-4c8b-b31b-26e84269c216", "b0f354a2-ae7f-4d64-9cda-b46d9c8dc97e"], "best_program_id": "cf01dd20-4035-496e-b632-4b3c4b7a1676", "island_best_programs": ["cf01dd20-4035-496e-b632-4b3c4b7a1676", null, null], "last_iteration": 3, "current_island": 1, "island_generations": [2, 1, 0], "last_migration_generation": 0, "feature_stats": {"complexity": {"min": 5583.0, "max": 6335.0, "values": [6335.0, 6268.0, 5721.0, 5583.0]}, "diversity": {"min": 28.7, "max": 160.66666666666666, "values": [28.7, 160.05, 160.66666666666666]}}}