{"island_feature_maps": [{"5-0": "fb0cb1ab-1e79-4375-b0c4-e54d07acc489", "0-5": "3873cc72-4e0d-4bfb-af81-aacd2202e5fd", "0-0": "0788c87b-d3ec-42ae-99e1-4ee9c71170af", "1-0": "f71c6146-cea9-47d6-917e-740d0eba56dc"}, {}, {}], "islands": [["fb0cb1ab-1e79-4375-b0c4-e54d07acc489", "3873cc72-4e0d-4bfb-af81-aacd2202e5fd", "0788c87b-d3ec-42ae-99e1-4ee9c71170af", "f71c6146-cea9-47d6-917e-740d0eba56dc"], [], []], "archive": ["fb0cb1ab-1e79-4375-b0c4-e54d07acc489", "3873cc72-4e0d-4bfb-af81-aacd2202e5fd", "0788c87b-d3ec-42ae-99e1-4ee9c71170af", "f71c6146-cea9-47d6-917e-740d0eba56dc"], "best_program_id": "fb0cb1ab-1e79-4375-b0c4-e54d07acc489", "island_best_programs": ["fb0cb1ab-1e79-4375-b0c4-e54d07acc489", null, null], "last_iteration": 3, "current_island": 1, "island_generations": [2, 1, 0], "last_migration_generation": 0, "feature_stats": {"complexity": {"min": 6170.0, "max": 6335.0, "values": [6335.0, 6182.0, 6170.0, 6188.0]}, "diversity": {"min": 13.366666666666667, "max": 37.8, "values": [37.8, 20.1, 13.366666666666667]}}}