{
  "id": "e267def3-2205-47dd-9a47-cf49a41183c5",
  "generation": 2,
  "iteration": 13,
  "current_iteration": 20,
  "metrics": {
    "runs_successfully": 1.0,
    "value_score": 0.9996859395135553,
    "distance_score": 0.999501137149758,
    "overall_score": 0.999943095287105,
    "standard_deviation_score": 0.9999999980168259,
    "speed_score": 1.0,
    "reliability_score": 1.0,
    "combined_score": 0.9997154764355249,
    "success_rate": 1.0
  },
  "language": "python",
  "timestamp": 1755331303.798974,
  "saved_at": 1755331369.0891352
}