{
  "id": "7a92a89d-96e4-4afc-bd77-d5d1bb535fee",
  "generation": 1,
  "iteration": 3,
  "current_iteration": 3,
  "metrics": {
    "area_score": 0.022195,
    "delay_score": 0.0,
    "speed_score": -1.713778,
    "overall_score": 0.0110975,
    "combined_score": 0.0110975,
    "failed_rate": 0.090909
  },
  "language": "cpp",
  "timestamp": 1763277178.9258618,
  "saved_at": 1763277179.7186034
}