{
  "overall_score": 0.11793500000000001,
  "reward": 0.10549361098811648,
  "failed_rate": 0.0,
  "error_msg": null,
  "error_type": "success",
  "is_valid_code": true,
  "is_improvement": true,
  "raw_result": {
    "area_score": 1.057277,
    "delay_score": -0.821407,
    "speed_score": -1.86995,
    "overall_score": 0.11793500000000001,
    "combined_score": 0.11793500000000001,
    "failed_rate": 0.0
  }
}