{
  "id": "aeb10e87-e863-4eae-b92e-1c4c69a95505",
  "generation": 0,
  "iteration": 0,
  "current_iteration": 3,
  "metrics": {
    "area_score": 1.052886,
    "delay_score": -0.821407,
    "speed_score": -1.818543,
    "overall_score": 0.1157395,
    "combined_score": 0.1157395,
    "failed_rate": 0.0
  },
  "language": "cpp",
  "timestamp": 1763257574.1517391,
  "saved_at": 1763257644.682937
}