{"island_feature_maps": [{"5-0": "aeb10e87-e863-4eae-b92e-1c4c69a95505", "0-5": "356e0b80-fb5b-4324-8dc8-86d37c937ec6", "0-0": "cccfa879-8632-462c-926d-68609ff43be0", "1-0": "cccbce0c-f29d-46df-824d-7c6b982af844"}, {}, {}], "islands": [["cccbce0c-f29d-46df-824d-7c6b982af844", "356e0b80-fb5b-4324-8dc8-86d37c937ec6", "aeb10e87-e863-4eae-b92e-1c4c69a95505", "cccfa879-8632-462c-926d-68609ff43be0"], [], []], "archive": ["cccbce0c-f29d-46df-824d-7c6b982af844", "356e0b80-fb5b-4324-8dc8-86d37c937ec6", "aeb10e87-e863-4eae-b92e-1c4c69a95505", "cccfa879-8632-462c-926d-68609ff43be0"], "best_program_id": "aeb10e87-e863-4eae-b92e-1c4c69a95505", "island_best_programs": ["aeb10e87-e863-4eae-b92e-1c4c69a95505", null, null], "last_iteration": 3, "current_island": 1, "island_generations": [1, 2, 0], "last_migration_generation": 0, "feature_stats": {"complexity": {"min": 9429.0, "max": 10029.0, "values": [10029.0, 9544.0, 9429.0, 9525.0]}, "diversity": {"min": 64.13333333333334, "max": 178.5, "values": [178.5, 101.25, 64.13333333333334]}}}