{"island_feature_maps": [{"5-0": "b651c3df-1e78-413e-b1be-8014ae9efdf8", "9-5": "94c51e0d-378f-44d2-ac6e-416fdc713f94", "9-9": "96d2ca6d-638e-4f32-88ab-2bc2eb1b3fda", "0-0": "666c43a8-d786-4675-bcd2-c8d1223738ae"}, {}, {}], "islands": [["94c51e0d-378f-44d2-ac6e-416fdc713f94", "666c43a8-d786-4675-bcd2-c8d1223738ae", "b651c3df-1e78-413e-b1be-8014ae9efdf8", "96d2ca6d-638e-4f32-88ab-2bc2eb1b3fda", "d9939d50-dbdf-44cb-9e7c-32e24bb7e0c8", "de9c8b72-ecd7-4435-bf04-ae14cc11ee7b"], [], []], "archive": ["94c51e0d-378f-44d2-ac6e-416fdc713f94", "666c43a8-d786-4675-bcd2-c8d1223738ae", "b651c3df-1e78-413e-b1be-8014ae9efdf8", "96d2ca6d-638e-4f32-88ab-2bc2eb1b3fda", "d9939d50-dbdf-44cb-9e7c-32e24bb7e0c8", "de9c8b72-ecd7-4435-bf04-ae14cc11ee7b"], "best_program_id": "b651c3df-1e78-413e-b1be-8014ae9efdf8", "island_best_programs": ["b651c3df-1e78-413e-b1be-8014ae9efdf8", null, null], "last_iteration": 6, "current_island": 1, "island_generations": [3, 2, 0], "last_migration_generation": 0, "feature_stats": {"complexity": {"min": 5020.0, "max": 5460.0, "values": [5117.0, 5369.0, 5460.0, 5022.0, 5022.0, 5369.0, 5460.0, 5117.0, 5022.0, 5020.0, 5022.0, 5369.0, 5022.0, 5117.0, 5460.0, 5020.0, 5247.0]}, "diversity": {"min": 58.94, "max": 102.2, "values": [85.2, 102.2, 86.16666666666667, 86.16666666666667, 85.2, 102.2, 79.83333333333333, 86.16666666666667, 64.825, 86.16666666666667, 85.2, 86.16666666666667, 79.83333333333333, 102.2, 64.825, 58.94]}}}