{
  "id": "d4c12efc-ffb1-4a35-8a22-3d8e46144d73",
  "generation": 0,
  "iteration": 0,
  "timestamp": 1763277913.0394375,
  "parent_id": null,
  "metrics": {
    "area_score": 0.022195,
    "delay_score": 0.0,
    "speed_score": -1.850846,
    "overall_score": 0.0110975,
    "combined_score": 0.0110975,
    "failed_rate": 0.0
  },
  "language": "cpp",
  "saved_at": 1763277994.395394
}