{
  "id": "9b1b06e7-4ac6-4122-a9c3-99a2739dcc73",
  "generation": 0,
  "iteration": 0,
  "timestamp": 1763277452.6790628,
  "parent_id": null,
  "metrics": {
    "area_score": 0.022195,
    "delay_score": 0.0,
    "speed_score": -1.800253,
    "overall_score": 0.0110975,
    "combined_score": 0.0110975,
    "failed_rate": 0.0
  },
  "language": "cpp",
  "saved_at": 1763277509.6097765
}