{"island_feature_maps": [{"5-0": "0ce4e08f-83d3-45b0-a9aa-5c7493c2216e", "9-5": "b56f04a6-80c0-4d29-bc5a-9a8de7c8841d", "9-9": "c0a5a70a-6f01-454b-93c4-e97316d70411", "2-0": "f217efc2-eb05-4991-b558-ec552841f1cd"}, {}, {}], "islands": [["0ce4e08f-83d3-45b0-a9aa-5c7493c2216e", "c0a5a70a-6f01-454b-93c4-e97316d70411", "f217efc2-eb05-4991-b558-ec552841f1cd", "b56f04a6-80c0-4d29-bc5a-9a8de7c8841d"], [], []], "archive": ["0ce4e08f-83d3-45b0-a9aa-5c7493c2216e", "c0a5a70a-6f01-454b-93c4-e97316d70411", "f217efc2-eb05-4991-b558-ec552841f1cd", "b56f04a6-80c0-4d29-bc5a-9a8de7c8841d"], "best_program_id": "0ce4e08f-83d3-45b0-a9aa-5c7493c2216e", "island_best_programs": ["0ce4e08f-83d3-45b0-a9aa-5c7493c2216e", null, null], "last_iteration": 3, "current_island": 1, "island_generations": [1, 2, 0], "last_migration_generation": 0, "feature_stats": {"complexity": {"min": 5117.0, "max": 5642.0, "values": [5117.0, 5351.0, 5642.0, 5232.0]}, "diversity": {"min": 72.46666666666667, "max": 137.55, "values": [74.9, 137.55, 72.46666666666667]}}}