{
  "id": "ed9aa930-bb75-483a-81bf-3fe6df10f107",
  "generation": 0,
  "iteration": 0,
  "current_iteration": 3,
  "metrics": {
    "area_score": 0.022195,
    "delay_score": 0.0,
    "speed_score": -1.945603,
    "overall_score": 0.0110975,
    "combined_score": 0.0110975,
    "failed_rate": 0.0
  },
  "language": "cpp",
  "timestamp": 1763277670.4534357,
  "saved_at": 1763277721.4158094
}