{
  "id": "7dbaafde-3900-46f8-b174-f57e0d07c8ca",
  "generation": 0,
  "iteration": 0,
  "timestamp": 1763261232.93564,
  "parent_id": null,
  "metrics": {
    "area_score": 1.187989,
    "delay_score": -0.818704,
    "speed_score": -2.305502,
    "overall_score": 0.1846425,
    "combined_score": 0.1846425,
    "failed_rate": 0.0
  },
  "language": "cpp",
  "saved_at": 1763261302.3080158
}