{
  "id": "cbdfbe3a-999d-48b9-a999-f8379b535928",
  "generation": 0,
  "iteration": 0,
  "current_iteration": 3,
  "metrics": {
    "area_score": 1.187989,
    "delay_score": -0.818704,
    "speed_score": -2.169264,
    "overall_score": 0.1846425,
    "combined_score": 0.1846425,
    "failed_rate": 0.0
  },
  "language": "cpp",
  "timestamp": 1763261079.165041,
  "saved_at": 1763261134.2786677
}