{"island_feature_maps": [{"5-0": "cbdfbe3a-999d-48b9-a999-f8379b535928", "9-5": "d5aa4249-536c-4d23-932a-e1a983d38b59", "9-9": "0d65a012-134b-40a4-bb58-dd38f8db4a9f"}, {}, {}], "islands": [["d5aa4249-536c-4d23-932a-e1a983d38b59", "0d65a012-134b-40a4-bb58-dd38f8db4a9f", "d507c158-d457-4073-8bb4-76530f34daab", "cbdfbe3a-999d-48b9-a999-f8379b535928"], [], []], "archive": ["d5aa4249-536c-4d23-932a-e1a983d38b59", "0d65a012-134b-40a4-bb58-dd38f8db4a9f", "d507c158-d457-4073-8bb4-76530f34daab", "cbdfbe3a-999d-48b9-a999-f8379b535928"], "best_program_id": "cbdfbe3a-999d-48b9-a999-f8379b535928", "island_best_programs": ["cbdfbe3a-999d-48b9-a999-f8379b535928", null, null], "last_iteration": 3, "current_island": 1, "island_generations": [2, 1, 0], "last_migration_generation": 0, "feature_stats": {"complexity": {"min": 13311.0, "max": 13385.0, "values": [13311.0, 13353.0, 13353.0, 13385.0]}, "diversity": {"min": 4.2, "max": 4.6000000000000005, "values": [4.2, 4.2, 4.6000000000000005]}}}