{
  "id": "390de045-4ae2-4452-a2e9-b1e46877b9c6",
  "generation": 1,
  "iteration": 2,
  "timestamp": 1763278151.5740159,
  "parent_id": "b8679d28-a801-4f87-942d-3cb9ddb50fb1",
  "metrics": {
    "area_score": 1.09756,
    "delay_score": -0.500723,
    "speed_score": -1.684757,
    "overall_score": 0.29841850000000003,
    "combined_score": 0.29841850000000003,
    "failed_rate": 0.0
  },
  "language": "cpp",
  "saved_at": 1763278168.5998826
}