{
  "id": "1e704fdc-a809-460f-9b87-dbd3ba430980",
  "generation": 0,
  "iteration": 0,
  "timestamp": 1763275679.1330597,
  "parent_id": null,
  "metrics": {
    "area_score": 0.009186,
    "delay_score": 0.0,
    "speed_score": -1.873574,
    "overall_score": 0.004593,
    "combined_score": 0.004593,
    "failed_rate": 0.0
  },
  "language": "cpp",
  "saved_at": 1763275738.9281
}