{
  "id": "08557af1-0816-4b9b-ad7e-8cbf1dad948e",
  "generation": 0,
  "iteration": 0,
  "current_iteration": 3,
  "metrics": {
    "area_score": 1.901989,
    "delay_score": -1.484214,
    "speed_score": -2.454664,
    "overall_score": 0.2088875,
    "combined_score": 0.2088875,
    "failed_rate": 0.0
  },
  "language": "cpp",
  "timestamp": 1763230948.1307034,
  "saved_at": 1763231010.561748
}