{"island_feature_maps": [{"5-0": "08557af1-0816-4b9b-ad7e-8cbf1dad948e", "9-5": "082498d3-1464-40f0-9d1f-303444084063", "9-0": "f3b1d3ac-532f-4b52-8a41-06d461fa27ba", "9-9": "83b2a112-db47-4cce-b667-69fc5a32969c"}, {}, {}], "islands": [["08557af1-0816-4b9b-ad7e-8cbf1dad948e", "082498d3-1464-40f0-9d1f-303444084063", "83b2a112-db47-4cce-b667-69fc5a32969c", "f3b1d3ac-532f-4b52-8a41-06d461fa27ba"], [], []], "archive": ["08557af1-0816-4b9b-ad7e-8cbf1dad948e", "082498d3-1464-40f0-9d1f-303444084063", "83b2a112-db47-4cce-b667-69fc5a32969c", "f3b1d3ac-532f-4b52-8a41-06d461fa27ba"], "best_program_id": "08557af1-0816-4b9b-ad7e-8cbf1dad948e", "island_best_programs": ["08557af1-0816-4b9b-ad7e-8cbf1dad948e", null, null], "last_iteration": 3, "current_island": 1, "island_generations": [1, 2, 0], "last_migration_generation": 0, "feature_stats": {"complexity": {"min": 6335.0, "max": 6986.0, "values": [6335.0, 6573.0, 6634.0, 6986.0]}, "diversity": {"min": 53.0, "max": 113.03333333333335, "values": [53.8, 53.0, 113.03333333333335]}}}