{"island_feature_maps": [{"5-0": "0b6d8cd2-1a3d-48d4-97f7-817cb241ebc4", "9-5": "d949d025-7b52-42f9-a64e-b8e157d7ca32", "7-0": "7b3123af-9c35-4858-9500-1a05cd3ecdde", "8-0": "e505fd5f-5297-40ac-b6fc-492614c246a0"}, {}, {}], "islands": [["7b3123af-9c35-4858-9500-1a05cd3ecdde", "0b6d8cd2-1a3d-48d4-97f7-817cb241ebc4", "e505fd5f-5297-40ac-b6fc-492614c246a0", "d949d025-7b52-42f9-a64e-b8e157d7ca32"], [], []], "archive": ["7b3123af-9c35-4858-9500-1a05cd3ecdde", "0b6d8cd2-1a3d-48d4-97f7-817cb241ebc4", "e505fd5f-5297-40ac-b6fc-492614c246a0", "d949d025-7b52-42f9-a64e-b8e157d7ca32"], "best_program_id": "7b3123af-9c35-4858-9500-1a05cd3ecdde", "island_best_programs": ["7b3123af-9c35-4858-9500-1a05cd3ecdde", null, null], "last_iteration": 3, "current_island": 2, "island_generations": [1, 1, 1], "last_migration_generation": 0, "feature_stats": {"complexity": {"min": 6335.0, "max": 7139.0, "values": [6335.0, 7139.0, 6948.0, 7029.0]}, "diversity": {"min": 89.83333333333333, "max": 230.9, "values": [230.9, 115.95, 89.83333333333333]}}}