{
  "id": "96c7a03f-7f34-4291-887a-3f6a2e030acb",
  "generation": 1,
  "iteration": 2,
  "timestamp": 1763230860.7017872,
  "parent_id": "4f0fb64a-3b35-42b1-8c69-ae37cac1cd8f",
  "metrics": {
    "area_score": 1.901989,
    "delay_score": -1.484214,
    "speed_score": -2.107866,
    "overall_score": 0.2088875,
    "combined_score": 0.2088875,
    "failed_rate": 0.181818
  },
  "language": "cpp",
  "saved_at": 1763230861.589795
}