{
  "id": "b439829b-3a6c-49d3-b47f-6fb01aa7ccf6",
  "generation": 0,
  "iteration": 0,
  "timestamp": 1763258651.0658438,
  "parent_id": null,
  "metrics": {
    "area_score": 1.052886,
    "delay_score": -0.821407,
    "speed_score": -1.939,
    "overall_score": 0.1157395,
    "combined_score": 0.1157395,
    "failed_rate": 0.0
  },
  "language": "cpp",
  "saved_at": 1763258717.6497493
}