{
  "id": "d096d260-7142-4f4f-b119-92a8bc78bf34",
  "generation": 0,
  "iteration": 0,
  "current_iteration": 3,
  "metrics": {
    "area_score": 1.052886,
    "delay_score": -0.821407,
    "speed_score": -1.848417,
    "overall_score": 0.1157395,
    "combined_score": 0.1157395,
    "failed_rate": 0.0
  },
  "language": "cpp",
  "timestamp": 1763258058.0623744,
  "saved_at": 1763258117.114201
}