{"island_feature_maps": [{"5-0": "d096d260-7142-4f4f-b119-92a8bc78bf34", "9-5": "e612bcd2-72b4-4967-a870-f5315bed3ff9", "9-9": "f8c66668-57cc-4755-8332-49a963aea2fd"}, {}, {}], "islands": [["d096d260-7142-4f4f-b119-92a8bc78bf34", "e612bcd2-72b4-4967-a870-f5315bed3ff9", "f8c66668-57cc-4755-8332-49a963aea2fd", "c84d0065-734c-43c3-99ba-9c423b3753f0"], [], []], "archive": ["d096d260-7142-4f4f-b119-92a8bc78bf34", "e612bcd2-72b4-4967-a870-f5315bed3ff9", "f8c66668-57cc-4755-8332-49a963aea2fd", "c84d0065-734c-43c3-99ba-9c423b3753f0"], "best_program_id": "d096d260-7142-4f4f-b119-92a8bc78bf34", "island_best_programs": ["d096d260-7142-4f4f-b119-92a8bc78bf34", null, null], "last_iteration": 3, "current_island": 1, "island_generations": [2, 1, 0], "last_migration_generation": 0, "feature_stats": {"complexity": {"min": 5540.0, "max": 6025.0, "values": [5540.0, 5662.0, 5861.0, 6025.0]}, "diversity": {"min": 12.200000000000001, "max": 110.90000000000002, "values": [12.200000000000001, 66.0, 110.90000000000002]}}}