{
  "id": "fb0cb1ab-1e79-4375-b0c4-e54d07acc489",
  "generation": 0,
  "iteration": 0,
  "timestamp": 1763231388.8945348,
  "parent_id": null,
  "metrics": {
    "area_score": 1.901989,
    "delay_score": -1.484214,
    "speed_score": -2.451174,
    "overall_score": 0.2088875,
    "combined_score": 0.2088875,
    "failed_rate": 0.0
  },
  "language": "cpp",
  "saved_at": 1763231443.631949
}