{
  "id": "1e8b14aa-50a1-422c-8648-9ee1fb26f9ca",
  "generation": 1,
  "iteration": 1,
  "current_iteration": 3,
  "metrics": {
    "area_score": 1.070478,
    "delay_score": -0.822709,
    "speed_score": -1.704136,
    "overall_score": 0.12388450000000001,
    "combined_score": 0.12388450000000001,
    "failed_rate": 0.0
  },
  "language": "cpp",
  "timestamp": 1763259521.321617,
  "saved_at": 1763259521.3398917
}