{
  "id": "4b1027ab-8d5f-4d74-a3c0-3188ea33829e",
  "generation": 0,
  "iteration": 0,
  "current_iteration": 3,
  "metrics": {
    "area_score": 1.09756,
    "delay_score": -0.500723,
    "speed_score": -2.228191,
    "overall_score": 0.29841850000000003,
    "combined_score": 0.29841850000000003,
    "failed_rate": 0.0
  },
  "language": "cpp",
  "timestamp": 1763278283.9139676,
  "saved_at": 1763278342.5198772
}