{
  "id": "bac29be4-dc18-42dd-b9eb-a5b17b5fbf3c",
  "generation": 0,
  "iteration": 0,
  "current_iteration": 3,
  "metrics": {
    "area_score": 1.052886,
    "delay_score": -0.821407,
    "speed_score": -1.880321,
    "overall_score": 0.1157395,
    "combined_score": 0.1157395,
    "failed_rate": 0.0
  },
  "language": "cpp",
  "timestamp": 1763259136.565654,
  "saved_at": 1763259193.529327
}