{"island_feature_maps": [{"5-0": "a083ea21-33ce-4d74-8581-62a0a371fc04", "9-5": "48bff659-b110-4f8f-9b83-791654359e38", "9-0": "9a1506e9-ab2f-46d3-b725-15c76c1abd55"}, {}, {}], "islands": [["aacaada6-47d5-4d0b-b680-d7537d634507", "48bff659-b110-4f8f-9b83-791654359e38", "a083ea21-33ce-4d74-8581-62a0a371fc04", "9a1506e9-ab2f-46d3-b725-15c76c1abd55"], [], []], "archive": ["aacaada6-47d5-4d0b-b680-d7537d634507", "48bff659-b110-4f8f-9b83-791654359e38", "a083ea21-33ce-4d74-8581-62a0a371fc04", "9a1506e9-ab2f-46d3-b725-15c76c1abd55"], "best_program_id": "a083ea21-33ce-4d74-8581-62a0a371fc04", "island_best_programs": ["a083ea21-33ce-4d74-8581-62a0a371fc04", null, null], "last_iteration": 3, "current_island": 2, "island_generations": [1, 1, 1], "last_migration_generation": 0, "feature_stats": {"complexity": {"min": 9553.0, "max": 9754.0, "values": [9553.0, 9732.0, 9754.0, 9736.0]}, "diversity": {"min": 17.333333333333332, "max": 48.400000000000006, "values": [48.400000000000006, 26.900000000000002, 17.333333333333332]}}}