{
  "id": "f810b398-d967-4f1c-9b36-c8087621a025",
  "generation": 0,
  "iteration": 0,
  "timestamp": 1763276883.5777502,
  "parent_id": null,
  "metrics": {
    "area_score": 0.012623,
    "delay_score": 0.0,
    "speed_score": -2.291602,
    "overall_score": 0.0063115,
    "combined_score": 0.0063115,
    "failed_rate": 0.0
  },
  "language": "cpp",
  "saved_at": 1763276951.380765
}