{"island_feature_maps": [{"5-0": "210cf408-0425-4c72-90da-9824f78514db", "9-5": "9e7b4d81-360b-449f-b159-afdee51280a2", "9-0": "2234fdd4-7e5a-485f-865d-881828da4e1f"}, {}, {}], "islands": [["210cf408-0425-4c72-90da-9824f78514db", "9e7b4d81-360b-449f-b159-afdee51280a2", "54a13538-9466-419a-a95a-cbad509660b4", "2234fdd4-7e5a-485f-865d-881828da4e1f"], [], []], "archive": ["210cf408-0425-4c72-90da-9824f78514db", "9e7b4d81-360b-449f-b159-afdee51280a2", "54a13538-9466-419a-a95a-cbad509660b4", "2234fdd4-7e5a-485f-865d-881828da4e1f"], "best_program_id": "210cf408-0425-4c72-90da-9824f78514db", "island_best_programs": ["210cf408-0425-4c72-90da-9824f78514db", null, null], "last_iteration": 3, "current_island": 1, "island_generations": [2, 1, 0], "last_migration_generation": 0, "feature_stats": {"complexity": {"min": 5481.0, "max": 5569.0, "values": [5481.0, 5557.0, 5561.0, 5569.0]}, "diversity": {"min": 3.766666666666667, "max": 8.100000000000001, "values": [8.100000000000001, 4.45, 3.766666666666667]}}}