{
  "id": "f89f1bde-4baa-4f05-b721-1fa24e0402c9",
  "generation": 0,
  "iteration": 0,
  "current_iteration": 3,
  "metrics": {
    "area_score": 1.187989,
    "delay_score": -0.818704,
    "speed_score": -2.241221,
    "overall_score": 0.1846425,
    "combined_score": 0.1846425,
    "failed_rate": 0.0
  },
  "language": "cpp",
  "timestamp": 1763260593.4327006,
  "saved_at": 1763260655.5640287
}