{
  "id": "57cc977d-0293-4907-b3f5-d08f6bc55678",
  "generation": 0,
  "iteration": 0,
  "current_iteration": 3,
  "metrics": {
    "area_score": 1.070478,
    "delay_score": -0.822709,
    "speed_score": -2.265845,
    "overall_score": 0.12388450000000001,
    "combined_score": 0.12388450000000001,
    "failed_rate": 0.0
  },
  "language": "cpp",
  "timestamp": 1763259614.4266193,
  "saved_at": 1763259681.2996697
}