{
  "id": "1f27de6f-7b34-40ac-96c4-536eb9c1d733",
  "generation": 0,
  "iteration": 0,
  "current_iteration": 3,
  "metrics": {
    "area_score": 0.452094,
    "delay_score": -0.227111,
    "speed_score": -2.064333,
    "overall_score": 0.1124915,
    "combined_score": 0.1124915,
    "failed_rate": 0.0
  },
  "language": "cpp",
  "timestamp": 1763230493.6479053,
  "saved_at": 1763230558.6937037
}