{"island_feature_maps": [{"5-0": "1f27de6f-7b34-40ac-96c4-536eb9c1d733", "9-5": "6a31b2db-4481-4325-b549-1a5715b50a04", "9-0": "a82172fb-3d1d-4691-8959-f3477ee1107f", "9-9": "efba4d4b-3435-4a1a-80d0-1995f279bcae"}, {}, {}], "islands": [["efba4d4b-3435-4a1a-80d0-1995f279bcae", "6a31b2db-4481-4325-b549-1a5715b50a04", "1f27de6f-7b34-40ac-96c4-536eb9c1d733", "a82172fb-3d1d-4691-8959-f3477ee1107f"], [], []], "archive": ["efba4d4b-3435-4a1a-80d0-1995f279bcae", "6a31b2db-4481-4325-b549-1a5715b50a04", "1f27de6f-7b34-40ac-96c4-536eb9c1d733", "a82172fb-3d1d-4691-8959-f3477ee1107f"], "best_program_id": "1f27de6f-7b34-40ac-96c4-536eb9c1d733", "island_best_programs": ["1f27de6f-7b34-40ac-96c4-536eb9c1d733", null, null], "last_iteration": 3, "current_island": 1, "island_generations": [1, 2, 0], "last_migration_generation": 0, "feature_stats": {"complexity": {"min": 5700.0, "max": 6284.0, "values": [5700.0, 6025.0, 6042.0, 6284.0]}, "diversity": {"min": 34.7, "max": 94.83333333333333, "values": [65.0, 34.7, 94.83333333333333]}}}