{"island_feature_maps": [{"5-0": "fe7c653c-6e50-4a27-b821-9cb3957ee4cc", "9-5": "0451f45b-e95b-452e-8e74-90e3ecf684b7"}, {}, {}], "islands": [["d44762d2-cccb-4ca9-9bd2-b818209b0942", "fe7c653c-6e50-4a27-b821-9cb3957ee4cc", "0451f45b-e95b-452e-8e74-90e3ecf684b7", "19021fd1-a206-440e-8a73-ca7bffdcbde9"], [], []], "archive": ["d44762d2-cccb-4ca9-9bd2-b818209b0942", "fe7c653c-6e50-4a27-b821-9cb3957ee4cc", "0451f45b-e95b-452e-8e74-90e3ecf684b7", "19021fd1-a206-440e-8a73-ca7bffdcbde9"], "best_program_id": "fe7c653c-6e50-4a27-b821-9cb3957ee4cc", "island_best_programs": ["fe7c653c-6e50-4a27-b821-9cb3957ee4cc", null, null], "last_iteration": 3, "current_island": 1, "island_generations": [2, 1, 0], "last_migration_generation": 0, "feature_stats": {"complexity": {"min": 13311.0, "max": 13325.0, "values": [13311.0, 13325.0, 13325.0, 13325.0]}, "diversity": {"min": 1.9000000000000001, "max": 1.9000000000000001, "values": [1.9000000000000001, 1.9000000000000001, 1.9000000000000001]}}}