{
  "id": "cf01dd20-4035-496e-b632-4b3c4b7a1676",
  "generation": 0,
  "iteration": 0,
  "timestamp": 1763231097.5991755,
  "parent_id": null,
  "metrics": {
    "area_score": 1.901989,
    "delay_score": -1.484214,
    "speed_score": -2.397708,
    "overall_score": 0.2088875,
    "combined_score": 0.2088875,
    "failed_rate": 0.0
  },
  "language": "cpp",
  "saved_at": 1763231157.2302403
}