{
  "id": "d5571cbb-5285-4e58-a89b-38e1bca8d632",
  "generation": 0,
  "iteration": 0,
  "timestamp": 1763232964.5560827,
  "parent_id": null,
  "metrics": {
    "area_score": 1.916248,
    "delay_score": -1.466161,
    "speed_score": -2.753638,
    "overall_score": 0.22504349999999995,
    "combined_score": 0.22504349999999995,
    "failed_rate": 0.0
  },
  "language": "cpp",
  "saved_at": 1763233095.55718
}