{
  "id": "d8605f92-7fa9-4eb4-bb76-e42b97877da8",
  "generation": 0,
  "iteration": 0,
  "timestamp": 1763258209.6313815,
  "parent_id": null,
  "metrics": {
    "area_score": 1.052886,
    "delay_score": -0.821407,
    "speed_score": -2.024496,
    "overall_score": 0.1157395,
    "combined_score": 0.1157395,
    "failed_rate": 0.0
  },
  "language": "cpp",
  "saved_at": 1763258270.8184888
}