{
  "id": "0c4637df-5087-462d-9d22-eca4e34127f3",
  "generation": 0,
  "iteration": 0,
  "timestamp": 1763261869.938042,
  "parent_id": null,
  "metrics": {
    "area_score": 1.187989,
    "delay_score": -0.818704,
    "speed_score": -2.285033,
    "overall_score": 0.1846425,
    "combined_score": 0.1846425,
    "failed_rate": 0.0
  },
  "language": "cpp",
  "saved_at": 1763261933.3234046
}