{
  "id": "3bb3afb1-d77e-440b-9132-c6cf86e57d8b",
  "generation": 0,
  "iteration": 0,
  "timestamp": 1763272799.7762158,
  "parent_id": null,
  "metrics": {
    "area_score": 0.000204,
    "delay_score": 0.0,
    "speed_score": -1.713393,
    "overall_score": 0.000102,
    "combined_score": 0.000102,
    "failed_rate": 0.0
  },
  "language": "cpp",
  "saved_at": 1763272895.2880852
}