{
  "id": "a7f420b1-9b59-4767-adf1-2ab20eb80e25",
  "generation": 0,
  "iteration": 0,
  "timestamp": 1763258816.177346,
  "parent_id": null,
  "metrics": {
    "area_score": 1.052886,
    "delay_score": -0.821407,
    "speed_score": -1.981749,
    "overall_score": 0.1157395,
    "combined_score": 0.1157395,
    "failed_rate": 0.0
  },
  "language": "cpp",
  "saved_at": 1763258874.9679263
}