{
  "id": "18bc2619-6f4a-4309-81ae-497e102f5d69",
  "generation": 0,
  "iteration": 0,
  "timestamp": 1763230206.9860888,
  "parent_id": null,
  "metrics": {
    "area_score": 0.000973,
    "delay_score": 0.0,
    "speed_score": -1.827713,
    "overall_score": 0.0004865,
    "combined_score": 0.0004865,
    "failed_rate": 0.0
  },
  "language": "cpp",
  "saved_at": 1763230256.242931
}