{
  "id": "09dc9dfb-ab8b-4c0d-9f15-fd36fc6bef52",
  "generation": 0,
  "iteration": 0,
  "current_iteration": 3,
  "metrics": {
    "area_score": 0.000204,
    "delay_score": 0.0,
    "speed_score": -1.793583,
    "overall_score": 0.000102,
    "combined_score": 0.000102,
    "failed_rate": 0.0
  },
  "language": "cpp",
  "timestamp": 1763273746.6880183,
  "saved_at": 1763273804.3258853
}