{"island_feature_maps": [{"5-0": "09dc9dfb-ab8b-4c0d-9f15-fd36fc6bef52", "9-5": "cd3eecaf-5778-402a-9e75-689869c03be4", "9-9": "529493d7-4fab-45af-a85c-371a028e6c56", "4-0": "be6c7831-2ff9-4480-a87c-ce19479f3187"}, {}, {}], "islands": [["09dc9dfb-ab8b-4c0d-9f15-fd36fc6bef52", "529493d7-4fab-45af-a85c-371a028e6c56", "cd3eecaf-5778-402a-9e75-689869c03be4", "be6c7831-2ff9-4480-a87c-ce19479f3187"], [], []], "archive": ["09dc9dfb-ab8b-4c0d-9f15-fd36fc6bef52", "529493d7-4fab-45af-a85c-371a028e6c56", "cd3eecaf-5778-402a-9e75-689869c03be4", "be6c7831-2ff9-4480-a87c-ce19479f3187"], "best_program_id": "09dc9dfb-ab8b-4c0d-9f15-fd36fc6bef52", "island_best_programs": ["09dc9dfb-ab8b-4c0d-9f15-fd36fc6bef52", null, null], "last_iteration": 3, "current_island": 1, "island_generations": [1, 2, 0], "last_migration_generation": 0, "feature_stats": {"complexity": {"min": 13578.0, "max": 13605.0, "values": [13578.0, 13591.0, 13605.0, 13591.0]}, "diversity": {"min": 1.3, "max": 2.0500000000000003, "values": [1.3, 2.0500000000000003, 1.3]}}}