{"island_feature_maps": [{"5-0": "110c9ff3-f48b-4c79-b452-ba4a9e11fa9f", "0-5": "08031f5c-c036-4aac-9d6b-2e59f7e589a3", "0-0": "6f95a8e2-37fd-4cba-819c-670a493cd43c", "0-9": "e6276049-2e7f-4360-a818-d61594c6f098"}, {}, {}], "islands": [["08031f5c-c036-4aac-9d6b-2e59f7e589a3", "e6276049-2e7f-4360-a818-d61594c6f098", "6f95a8e2-37fd-4cba-819c-670a493cd43c", "110c9ff3-f48b-4c79-b452-ba4a9e11fa9f"], [], []], "archive": ["08031f5c-c036-4aac-9d6b-2e59f7e589a3", "e6276049-2e7f-4360-a818-d61594c6f098", "6f95a8e2-37fd-4cba-819c-670a493cd43c", "110c9ff3-f48b-4c79-b452-ba4a9e11fa9f"], "best_program_id": "08031f5c-c036-4aac-9d6b-2e59f7e589a3", "island_best_programs": ["08031f5c-c036-4aac-9d6b-2e59f7e589a3", null, null], "last_iteration": 3, "current_island": 1, "island_generations": [1, 2, 0], "last_migration_generation": 0, "feature_stats": {"complexity": {"min": 5630.0, "max": 5862.0, "values": [5862.0, 5797.0, 5741.0, 5630.0]}, "diversity": {"min": 24.35, "max": 50.666666666666664, "values": [37.5, 24.35, 50.666666666666664]}}}