{
  "id": "210cf408-0425-4c72-90da-9824f78514db",
  "generation": 0,
  "iteration": 0,
  "timestamp": 1763229631.8902097,
  "parent_id": null,
  "metrics": {
    "area_score": 0.000973,
    "delay_score": 0.0,
    "speed_score": -1.360667,
    "overall_score": 0.0004865,
    "combined_score": 0.0004865,
    "failed_rate": 0.0
  },
  "language": "cpp",
  "saved_at": 1763229682.1234708
}