{
  "id": "65863325-a8e5-4019-975a-4bf4dc2c3d7d",
  "generation": 1,
  "iteration": 2,
  "timestamp": 1763257312.811772,
  "parent_id": "052b08f2-3f33-418c-b5b6-40f520b11dfa",
  "metrics": {
    "area_score": 0.002337,
    "delay_score": 0.0,
    "speed_score": -1.183872,
    "overall_score": 0.0011685,
    "combined_score": 0.0011685,
    "failed_rate": 0.0
  },
  "language": "cpp",
  "saved_at": 1763257312.8423603
}