{
  "id": "79c06ae4-60d8-4162-9981-3e8b96f0a695",
  "generation": 1,
  "iteration": 3,
  "current_iteration": 3,
  "metrics": {
    "area_score": 0.000204,
    "delay_score": 0.0,
    "speed_score": -1.624616,
    "overall_score": 0.000102,
    "combined_score": 0.000102,
    "failed_rate": 0.272727
  },
  "language": "cpp",
  "timestamp": 1763272683.8196964,
  "saved_at": 1763272687.4306405
}