{"island_feature_maps": [{"5-0": "eb2441bc-c2cb-48c7-90ea-a8c9cb894deb", "9-5": "79c06ae4-60d8-4162-9981-3e8b96f0a695", "9-9": "c374d1c9-5588-4e34-924c-94328fa4d083", "8-0": "02c0ea82-6f76-404c-969b-d285550c16ca"}, {}, {}], "islands": [["79c06ae4-60d8-4162-9981-3e8b96f0a695", "c374d1c9-5588-4e34-924c-94328fa4d083", "eb2441bc-c2cb-48c7-90ea-a8c9cb894deb", "02c0ea82-6f76-404c-969b-d285550c16ca"], [], []], "archive": ["79c06ae4-60d8-4162-9981-3e8b96f0a695", "c374d1c9-5588-4e34-924c-94328fa4d083", "eb2441bc-c2cb-48c7-90ea-a8c9cb894deb", "02c0ea82-6f76-404c-969b-d285550c16ca"], "best_program_id": "79c06ae4-60d8-4162-9981-3e8b96f0a695", "island_best_programs": ["79c06ae4-60d8-4162-9981-3e8b96f0a695", null, null], "last_iteration": 3, "current_island": 1, "island_generations": [1, 2, 0], "last_migration_generation": 0, "feature_stats": {"complexity": {"min": 13311.0, "max": 13590.0, "values": [13311.0, 13578.0, 13590.0, 13539.0]}, "diversity": {"min": 20.599999999999998, "max": 39.550000000000004, "values": [36.7, 39.550000000000004, 20.599999999999998]}}}