{
  "id": "b9667d71-eac7-45fd-9b8a-fc90012f53dd",
  "generation": 1,
  "iteration": 3,
  "timestamp": 1763257464.642279,
  "parent_id": "89528bf3-1fb9-4c8e-800b-794660053d0d",
  "metrics": {
    "area_score": 1.052886,
    "delay_score": -0.821407,
    "speed_score": -2.001724,
    "overall_score": 0.1157395,
    "combined_score": 0.1157395,
    "failed_rate": 0.0
  },
  "language": "cpp",
  "saved_at": 1763257464.701279
}