{
  "id": "daf21868-c521-43aa-9b1b-19e1681f65b8",
  "generation": 0,
  "iteration": 0,
  "timestamp": 1763259952.3139055,
  "parent_id": null,
  "metrics": {
    "area_score": 1.070478,
    "delay_score": -0.822709,
    "speed_score": -2.082253,
    "overall_score": 0.12388450000000001,
    "combined_score": 0.12388450000000001,
    "failed_rate": 0.0
  },
  "language": "cpp",
  "saved_at": 1763260011.1072264
}