{
  "id": "d1afe870-94ef-415a-8153-f4eed35e3f26",
  "generation": 0,
  "iteration": 0,
  "timestamp": 1763229915.2182434,
  "parent_id": null,
  "metrics": {
    "area_score": 0.000973,
    "delay_score": 0.0,
    "speed_score": -1.790588,
    "overall_score": 0.0004865,
    "combined_score": 0.0004865,
    "failed_rate": 0.0
  },
  "language": "cpp",
  "saved_at": 1763229972.3752372
}