{
  "id": "330f4574-ee70-4ade-b435-5a31f71e0416",
  "generation": 0,
  "iteration": 0,
  "current_iteration": 3,
  "metrics": {
    "area_score": 0.012623,
    "delay_score": 0.0,
    "speed_score": -1.8218,
    "overall_score": 0.0063115,
    "combined_score": 0.0063115,
    "failed_rate": 0.0
  },
  "language": "cpp",
  "timestamp": 1763276479.244929,
  "saved_at": 1763276537.1750011
}