{
  "id": "9a741f7d-ca76-46eb-a65b-17cba2016b14",
  "generation": 0,
  "iteration": 0,
  "current_iteration": 3,
  "metrics": {
    "area_score": 0.009186,
    "delay_score": 0.0,
    "speed_score": -1.841771,
    "overall_score": 0.004593,
    "combined_score": 0.004593,
    "failed_rate": 0.0
  },
  "language": "cpp",
  "timestamp": 1763274619.6062274,
  "saved_at": 1763274697.5034943
}