{
  "id": "ec18e661-0a24-4862-82cd-57de882dcb75",
  "generation": 0,
  "iteration": 0,
  "timestamp": 1763260434.4045398,
  "parent_id": null,
  "metrics": {
    "area_score": 1.187989,
    "delay_score": -0.818704,
    "speed_score": -1.723153,
    "overall_score": 0.1846425,
    "combined_score": 0.1846425,
    "failed_rate": 0.0
  },
  "language": "cpp",
  "saved_at": 1763260499.6435196
}