{
  "id": "3e160066-23fa-432f-8718-d501873a5cdd",
  "generation": 0,
  "iteration": 0,
  "current_iteration": 3,
  "metrics": {
    "area_score": 0.0,
    "delay_score": 0.0,
    "speed_score": -1.98328,
    "overall_score": 0.0,
    "combined_score": 0.0,
    "failed_rate": 0.0
  },
  "language": "cpp",
  "timestamp": 1763229200.7758825,
  "saved_at": 1763229252.5830605
}