{"island_feature_maps": [{"5-0": "d5450183-549e-45ad-9d38-7a47f09036d5", "0-5": "c33aee94-a866-46cc-9372-7ced10da2b03", "9-9": "89914c61-722c-4363-9e3d-d7ed55fdbb2e", "9-6": "fd2d22e6-7222-40d0-936e-ab2d1506aa1b"}, {}, {}], "islands": [["89914c61-722c-4363-9e3d-d7ed55fdbb2e", "c33aee94-a866-46cc-9372-7ced10da2b03", "fd2d22e6-7222-40d0-936e-ab2d1506aa1b", "d5450183-549e-45ad-9d38-7a47f09036d5"], [], []], "archive": ["89914c61-722c-4363-9e3d-d7ed55fdbb2e", "c33aee94-a866-46cc-9372-7ced10da2b03", "fd2d22e6-7222-40d0-936e-ab2d1506aa1b", "d5450183-549e-45ad-9d38-7a47f09036d5"], "best_program_id": "d5450183-549e-45ad-9d38-7a47f09036d5", "island_best_programs": ["d5450183-549e-45ad-9d38-7a47f09036d5", null, null], "last_iteration": 3, "current_island": 1, "island_generations": [2, 1, 0], "last_migration_generation": 0, "feature_stats": {"complexity": {"min": 6929.0, "max": 7028.0, "values": [6948.0, 6929.0, 7021.0, 7028.0]}, "diversity": {"min": 3.4000000000000004, "max": 9.5, "values": [3.4000000000000004, 9.5, 7.199999999999999]}}}