{
  "id": "ec974a6e-6076-439b-ae59-d58731c6f4ce",
  "generation": 4,
  "iteration": 41,
  "current_iteration": 70,
  "metrics": {
    "area_score": 1.212633,
    "delay_score": -1.0404,
    "speed_score": 2.212295,
    "overall_score": 0.08611650000000004,
    "failed_rate": 0.0
  },
  "language": "cpp",
  "timestamp": 1756300040.1152391,
  "saved_at": 1756300650.772792
}