{
  "id": "08031f5c-c036-4aac-9d6b-2e59f7e589a3",
  "generation": 1,
  "iteration": 3,
  "timestamp": 1763260176.8953984,
  "parent_id": "110c9ff3-f48b-4c79-b452-ba4a9e11fa9f",
  "metrics": {
    "area_score": 1.187989,
    "delay_score": -0.818704,
    "speed_score": -2.09441,
    "overall_score": 0.1846425,
    "combined_score": 0.1846425,
    "failed_rate": 0.0
  },
  "language": "cpp",
  "saved_at": 1763260337.1922455
}