{
  "id": "6aaa3c9d-7c7e-4641-b113-817c18db0153",
  "generation": 0,
  "iteration": 0,
  "current_iteration": 3,
  "metrics": {
    "area_score": 0.022195,
    "delay_score": 0.0,
    "speed_score": -1.6731,
    "overall_score": 0.0110975,
    "combined_score": 0.0110975,
    "failed_rate": 0.0
  },
  "language": "cpp",
  "timestamp": 1763277291.196941,
  "saved_at": 1763277345.7459607
}