{"island_feature_maps": [{"5-0": "f622028c-cd9d-4ef6-a2db-9b38a51cd6c4", "0-5": "97ba7db8-0ee2-4a6c-8d20-3a68f4066e81", "9-9": "6a33a763-12d9-4cbb-81a7-27dc3fa92812", "2-0": "a7e3fca9-5a22-45db-859d-de3c7ccff322"}, {}, {}], "islands": [["6a33a763-12d9-4cbb-81a7-27dc3fa92812", "f622028c-cd9d-4ef6-a2db-9b38a51cd6c4", "97ba7db8-0ee2-4a6c-8d20-3a68f4066e81", "a7e3fca9-5a22-45db-859d-de3c7ccff322"], [], []], "archive": ["6a33a763-12d9-4cbb-81a7-27dc3fa92812", "f622028c-cd9d-4ef6-a2db-9b38a51cd6c4", "97ba7db8-0ee2-4a6c-8d20-3a68f4066e81", "a7e3fca9-5a22-45db-859d-de3c7ccff322"], "best_program_id": "f622028c-cd9d-4ef6-a2db-9b38a51cd6c4", "island_best_programs": ["f622028c-cd9d-4ef6-a2db-9b38a51cd6c4", null, null], "last_iteration": 3, "current_island": 2, "island_generations": [1, 1, 1], "last_migration_generation": 0, "feature_stats": {"complexity": {"min": 4918.0, "max": 5276.0, "values": [5117.0, 4918.0, 5276.0, 5017.0]}, "diversity": {"min": 45.43333333333334, "max": 76.35000000000001, "values": [59.900000000000006, 76.35000000000001, 45.43333333333334]}}}