{
  "id": "a564cce8-df02-449e-8d5e-6c4ffad08eae",
  "generation": 0,
  "iteration": 0,
  "timestamp": 1763258504.8683004,
  "parent_id": null,
  "metrics": {
    "area_score": 1.052886,
    "delay_score": -0.821407,
    "speed_score": -2.031274,
    "overall_score": 0.1157395,
    "combined_score": 0.1157395,
    "failed_rate": 0.0
  },
  "language": "cpp",
  "saved_at": 1763258560.5390582
}