{"island_feature_maps": [{"5-0": "1e704fdc-a809-460f-9b87-dbd3ba430980", "9-5": "21e7e737-3159-4803-9b51-c49c739c5095", "6-0": "ccc00e68-5a80-4762-86f1-e28407f0d56f", "9-4": "063a5774-8bd3-4c65-9e9e-2715dfdd4f00"}, {}, {}], "islands": [["ccc00e68-5a80-4762-86f1-e28407f0d56f", "063a5774-8bd3-4c65-9e9e-2715dfdd4f00", "1e704fdc-a809-460f-9b87-dbd3ba430980", "21e7e737-3159-4803-9b51-c49c739c5095"], [], []], "archive": ["ccc00e68-5a80-4762-86f1-e28407f0d56f", "063a5774-8bd3-4c65-9e9e-2715dfdd4f00", "1e704fdc-a809-460f-9b87-dbd3ba430980", "21e7e737-3159-4803-9b51-c49c739c5095"], "best_program_id": "1e704fdc-a809-460f-9b87-dbd3ba430980", "island_best_programs": ["1e704fdc-a809-460f-9b87-dbd3ba430980", null, null], "last_iteration": 3, "current_island": 1, "island_generations": [1, 2, 0], "last_migration_generation": 0, "feature_stats": {"complexity": {"min": 13578.0, "max": 13622.0, "values": [13578.0, 13611.0, 13600.0, 13622.0]}, "diversity": {"min": 1.9000000000000001, "max": 3.8000000000000003, "values": [3.8000000000000003, 1.9000000000000001, 2.733333333333333]}}}