{
  "id": "2e509cc4-aa9b-4b4d-a254-9e250a9fb630",
  "generation": 0,
  "iteration": 0,
  "current_iteration": 3,
  "metrics": {
    "area_score": 1.916248,
    "delay_score": -1.466161,
    "speed_score": -2.870473,
    "overall_score": 0.22504349999999995,
    "combined_score": 0.22504349999999995,
    "failed_rate": 0.0
  },
  "language": "cpp",
  "timestamp": 1763232593.4451604,
  "saved_at": 1763232675.5914936
}