{"island_feature_maps": [{"5-0": "2e509cc4-aa9b-4b4d-a254-9e250a9fb630", "9-5": "268940f5-8e01-4fac-9f7f-9316fcee04fd", "8-0": "eb90b0d8-d4b0-4ec0-a1ed-b5e1725bc7b0"}, {}, {}], "islands": [["268940f5-8e01-4fac-9f7f-9316fcee04fd", "2e509cc4-aa9b-4b4d-a254-9e250a9fb630", "eb90b0d8-d4b0-4ec0-a1ed-b5e1725bc7b0", "d1c304cd-fa84-4034-b067-f23279d73712"], [], []], "archive": ["268940f5-8e01-4fac-9f7f-9316fcee04fd", "2e509cc4-aa9b-4b4d-a254-9e250a9fb630", "eb90b0d8-d4b0-4ec0-a1ed-b5e1725bc7b0", "d1c304cd-fa84-4034-b067-f23279d73712"], "best_program_id": "2e509cc4-aa9b-4b4d-a254-9e250a9fb630", "island_best_programs": ["2e509cc4-aa9b-4b4d-a254-9e250a9fb630", null, null], "last_iteration": 3, "current_island": 1, "island_generations": [1, 2, 0], "last_migration_generation": 0, "feature_stats": {"complexity": {"min": 9553.0, "max": 9639.0, "values": [9553.0, 9639.0, 9639.0, 9630.0]}, "diversity": {"min": 6.999999999999999, "max": 20.1, "values": [20.1, 20.1, 6.999999999999999]}}}