{
  "id": "adc52649-5078-4c09-abd3-85fe0d847205",
  "generation": 0,
  "iteration": 0,
  "timestamp": 1763230060.5221114,
  "parent_id": null,
  "metrics": {
    "area_score": 0.000973,
    "delay_score": 0.0,
    "speed_score": -1.912309,
    "overall_score": 0.0004865,
    "combined_score": 0.0004865,
    "failed_rate": 0.0
  },
  "language": "cpp",
  "saved_at": 1763230120.3094559
}