{
  "id": "532c9f25-2869-4478-be1e-cd74b6e278cf",
  "generation": 0,
  "iteration": 0,
  "current_iteration": 3,
  "metrics": {
    "area_score": 0.012623,
    "delay_score": 0.0,
    "speed_score": -1.601324,
    "overall_score": 0.0063115,
    "combined_score": 0.0063115,
    "failed_rate": 0.0
  },
  "language": "cpp",
  "timestamp": 1763276072.3883495,
  "saved_at": 1763276122.7734628
}