{
  "id": "af73132d-9215-4d13-a7fa-093673742507",
  "generation": 0,
  "iteration": 0,
  "current_iteration": 3,
  "metrics": {
    "area_score": 0.0,
    "delay_score": 0.0,
    "speed_score": -1.723756,
    "overall_score": 0.0,
    "combined_score": 0.0,
    "failed_rate": 0.0
  },
  "language": "cpp",
  "timestamp": 1763228905.058264,
  "saved_at": 1763228965.7282145
}