{"island_feature_maps": [{"5-0": "af73132d-9215-4d13-a7fa-093673742507", "9-5": "bc1dbce9-d84c-4cea-aba5-cd8f4fc36024", "9-9": "06b338ee-9db9-4bc2-a40d-9f240bc60d18", "3-2": "d17aca85-a625-4f23-aa32-0a2d803aa11d"}, {}, {}], "islands": [["06b338ee-9db9-4bc2-a40d-9f240bc60d18", "af73132d-9215-4d13-a7fa-093673742507", "bc1dbce9-d84c-4cea-aba5-cd8f4fc36024", "d17aca85-a625-4f23-aa32-0a2d803aa11d"], [], []], "archive": ["06b338ee-9db9-4bc2-a40d-9f240bc60d18", "af73132d-9215-4d13-a7fa-093673742507", "bc1dbce9-d84c-4cea-aba5-cd8f4fc36024", "d17aca85-a625-4f23-aa32-0a2d803aa11d"], "best_program_id": "af73132d-9215-4d13-a7fa-093673742507", "island_best_programs": ["af73132d-9215-4d13-a7fa-093673742507", null, null], "last_iteration": 3, "current_island": 1, "island_generations": [2, 1, 0], "last_migration_generation": 0, "feature_stats": {"complexity": {"min": 5117.0, "max": 5314.0, "values": [5117.0, 5173.0, 5314.0, 5182.0]}, "diversity": {"min": 5.6000000000000005, "max": 37.400000000000006, "values": [5.6000000000000005, 37.400000000000006, 13.866666666666667]}}}