{
  "id": "5651a001-8757-45e7-82b6-249b5a669534",
  "generation": 0,
  "iteration": 0,
  "current_iteration": 3,
  "metrics": {
    "area_score": 1.901989,
    "delay_score": -1.484214,
    "speed_score": -2.25563,
    "overall_score": 0.2088875,
    "combined_score": 0.2088875,
    "failed_rate": 0.0
  },
  "language": "cpp",
  "timestamp": 1763232053.4767313,
  "saved_at": 1763232135.5871084
}