{
  "id": "fe7c653c-6e50-4a27-b821-9cb3957ee4cc",
  "generation": 0,
  "iteration": 0,
  "timestamp": 1763258360.3079386,
  "parent_id": null,
  "metrics": {
    "area_score": 1.052886,
    "delay_score": -0.821407,
    "speed_score": -1.936635,
    "overall_score": 0.1157395,
    "combined_score": 0.1157395,
    "failed_rate": 0.0
  },
  "language": "cpp",
  "saved_at": 1763258414.976872
}