{
  "id": "25b05b26-cf06-4bd3-a9d4-d0c061447a7f",
  "generation": 0,
  "iteration": 0,
  "current_iteration": 3,
  "metrics": {
    "area_score": 0.009186,
    "delay_score": 0.0,
    "speed_score": -2.128408,
    "overall_score": 0.004593,
    "combined_score": 0.004593,
    "failed_rate": 0.0
  },
  "language": "cpp",
  "timestamp": 1763275026.7415597,
  "saved_at": 1763275087.7857187
}