{"island_feature_maps": [{"5-0": "25b05b26-cf06-4bd3-a9d4-d0c061447a7f", "9-5": "121cff24-9f17-4d76-bd92-7162c0e63407", "9-0": "d047cf56-1428-4102-a612-927572d422fa", "8-0": "b45597df-2a9c-4466-971b-92a06efbdf84"}, {}, {}], "islands": [["121cff24-9f17-4d76-bd92-7162c0e63407", "25b05b26-cf06-4bd3-a9d4-d0c061447a7f", "d047cf56-1428-4102-a612-927572d422fa", "b45597df-2a9c-4466-971b-92a06efbdf84"], [], []], "archive": ["121cff24-9f17-4d76-bd92-7162c0e63407", "25b05b26-cf06-4bd3-a9d4-d0c061447a7f", "d047cf56-1428-4102-a612-927572d422fa", "b45597df-2a9c-4466-971b-92a06efbdf84"], "best_program_id": "25b05b26-cf06-4bd3-a9d4-d0c061447a7f", "island_best_programs": ["25b05b26-cf06-4bd3-a9d4-d0c061447a7f", null, null], "last_iteration": 3, "current_island": 1, "island_generations": [1, 2, 0], "last_migration_generation": 0, "feature_stats": {"complexity": {"min": 13578.0, "max": 14119.0, "values": [13578.0, 14019.0, 14119.0, 14015.0]}, "diversity": {"min": 38.333333333333336, "max": 104.6, "values": [104.6, 62.3, 38.333333333333336]}}}