{
  "id": "622f188a-a6be-4085-b98f-91a5a7df4a11",
  "generation": 0,
  "iteration": 0,
  "timestamp": 1763233192.824117,
  "parent_id": null,
  "metrics": {
    "area_score": 1.916248,
    "delay_score": -1.466161,
    "speed_score": -2.81248,
    "overall_score": 0.22504349999999995,
    "combined_score": 0.22504349999999995,
    "failed_rate": 0.0
  },
  "language": "cpp",
  "saved_at": 1763233275.5925443
}