{"island_feature_maps": [{"5-0": "622f188a-a6be-4085-b98f-91a5a7df4a11", "9-5": "feb2eb1e-1590-49d8-aa17-d9bf7b6f01f8", "9-0": "c8346078-97f2-42ae-a3fd-05ba3357f371", "3-1": "563e3eaa-fd89-4aa6-bd71-3b05bfd30441"}, {}, {}], "islands": [["c8346078-97f2-42ae-a3fd-05ba3357f371", "feb2eb1e-1590-49d8-aa17-d9bf7b6f01f8", "622f188a-a6be-4085-b98f-91a5a7df4a11", "563e3eaa-fd89-4aa6-bd71-3b05bfd30441"], [], []], "archive": ["c8346078-97f2-42ae-a3fd-05ba3357f371", "feb2eb1e-1590-49d8-aa17-d9bf7b6f01f8", "622f188a-a6be-4085-b98f-91a5a7df4a11", "563e3eaa-fd89-4aa6-bd71-3b05bfd30441"], "best_program_id": "622f188a-a6be-4085-b98f-91a5a7df4a11", "island_best_programs": ["622f188a-a6be-4085-b98f-91a5a7df4a11", null, null], "last_iteration": 3, "current_island": 1, "island_generations": [2, 1, 0], "last_migration_generation": 0, "feature_stats": {"complexity": {"min": 13311.0, "max": 13430.0, "values": [13311.0, 13430.0, 13423.0, 13347.0]}, "diversity": {"min": 11.700000000000001, "max": 23.4, "values": [23.4, 11.700000000000001, 14.0]}}}