{
  "id": "80799b8f-206b-4b0b-b9fe-28cf62c281c5",
  "generation": 0,
  "iteration": 0,
  "current_iteration": 3,
  "metrics": {
    "area_score": 0.000204,
    "delay_score": 0.0,
    "speed_score": -1.714336,
    "overall_score": 0.000102,
    "combined_score": 0.000102,
    "failed_rate": 0.0
  },
  "language": "cpp",
  "timestamp": 1763274183.6998007,
  "saved_at": 1763274252.5094192
}