{"island_feature_maps": [{"5-0": "80799b8f-206b-4b0b-b9fe-28cf62c281c5", "9-5": "8b7c7def-3e52-440a-b0fa-dabc4bec61c4", "9-0": "a95bbc14-df9c-4e27-997f-c66fb2b45127", "9-9": "11a6d0a7-df58-4dae-baaa-32cd01a56b58"}, {}, {}], "islands": [["11a6d0a7-df58-4dae-baaa-32cd01a56b58", "a95bbc14-df9c-4e27-997f-c66fb2b45127", "8b7c7def-3e52-440a-b0fa-dabc4bec61c4", "80799b8f-206b-4b0b-b9fe-28cf62c281c5"], [], []], "archive": ["11a6d0a7-df58-4dae-baaa-32cd01a56b58", "a95bbc14-df9c-4e27-997f-c66fb2b45127", "8b7c7def-3e52-440a-b0fa-dabc4bec61c4", "80799b8f-206b-4b0b-b9fe-28cf62c281c5"], "best_program_id": "80799b8f-206b-4b0b-b9fe-28cf62c281c5", "island_best_programs": ["80799b8f-206b-4b0b-b9fe-28cf62c281c5", null, null], "last_iteration": 3, "current_island": 1, "island_generations": [2, 1, 0], "last_migration_generation": 0, "feature_stats": {"complexity": {"min": 13578.0, "max": 13614.0, "values": [13578.0, 13593.0, 13598.0, 13614.0]}, "diversity": {"min": 1.25, "max": 2.933333333333333, "values": [1.5, 1.25, 2.933333333333333]}}}