{
  "id": "32abd8cb-1829-4bfa-b8f9-0f4d3210fdca",
  "generation": 1,
  "iteration": 1,
  "timestamp": 1763230401.4365218,
  "parent_id": "3ed6421f-7e3d-4370-b740-091d6945ed04",
  "metrics": {
    "area_score": 0.452094,
    "delay_score": -0.227111,
    "speed_score": -2.074775,
    "overall_score": 0.1124915,
    "combined_score": 0.1124915,
    "failed_rate": 0.090909
  },
  "language": "cpp",
  "saved_at": 1763230405.1066432
}