{
  "overall_score": 0.12388450000000001,
  "reward": 0.11022885358771299,
  "failed_rate": 0.0,
  "error_msg": null,
  "error_type": "success",
  "is_valid_code": true,
  "is_improvement": true,
  "raw_result": {
    "area_score": 1.070478,
    "delay_score": -0.822709,
    "speed_score": -1.817339,
    "overall_score": 0.12388450000000001,
    "combined_score": 0.12388450000000001,
    "failed_rate": 0.0
  }
}