{"island_feature_maps": [{"5-0": "91dfeac5-f3b2-4be8-8f5f-1d0d3b0668be", "9-5": "70cfc87d-370e-4ee9-b0e1-4917c5c9540b", "9-0": "ac791672-6826-44ac-931f-09cce2448e2c"}, {}, {}], "islands": [["ac791672-6826-44ac-931f-09cce2448e2c", "38bd15f1-8f31-48b2-b1db-e7f365447ba3", "70cfc87d-370e-4ee9-b0e1-4917c5c9540b", "91dfeac5-f3b2-4be8-8f5f-1d0d3b0668be"], [], []], "archive": ["ac791672-6826-44ac-931f-09cce2448e2c", "38bd15f1-8f31-48b2-b1db-e7f365447ba3", "70cfc87d-370e-4ee9-b0e1-4917c5c9540b", "91dfeac5-f3b2-4be8-8f5f-1d0d3b0668be"], "best_program_id": "91dfeac5-f3b2-4be8-8f5f-1d0d3b0668be", "island_best_programs": ["91dfeac5-f3b2-4be8-8f5f-1d0d3b0668be", null, null], "last_iteration": 3, "current_island": 2, "island_generations": [1, 1, 1], "last_migration_generation": 0, "feature_stats": {"complexity": {"min": 9553.0, "max": 9671.0, "values": [9553.0, 9651.0, 9662.0, 9671.0]}, "diversity": {"min": 8.733333333333333, "max": 19.8, "values": [19.8, 11.0, 8.733333333333333]}}}