{
  "id": "be9efbe1-b05a-452c-8a11-91fc8b0e0f42",
  "generation": 1,
  "iteration": 3,
  "current_iteration": 3,
  "metrics": {
    "area_score": 1.057277,
    "delay_score": -0.821407,
    "speed_score": -2.023796,
    "overall_score": 0.11793500000000001,
    "combined_score": 0.11793500000000001,
    "failed_rate": 0.181818
  },
  "language": "cpp",
  "timestamp": 1763259353.478887,
  "saved_at": 1763259353.5061004
}