{
  "id": "d43bd3d1-36cd-4913-bd57-a35507452d72",
  "generation": 2,
  "iteration": 19,
  "current_iteration": 30,
  "metrics": {
    "area_score": 0.033845,
    "delay_score": 0.0,
    "speed_score": -2.006231,
    "overall_score": 0.0169225,
    "combined_score": 0.0169225,
    "failed_rate": 0.090909
  },
  "language": "cpp",
  "timestamp": 1763265290.7752757,
  "saved_at": 1763265500.5001874
}