{"island_feature_maps": [{"5-0": "052b08f2-3f33-418c-b5b6-40f520b11dfa", "0-5": "3f9cc9ab-6f0c-4bf4-b446-2f4f2a5d876f", "9-9": "a192284b-efc9-4450-ab64-e93a79900fd1", "9-0": "65863325-a8e5-4019-975a-4bf4dc2c3d7d"}, {}, {}], "islands": [["3f9cc9ab-6f0c-4bf4-b446-2f4f2a5d876f", "052b08f2-3f33-418c-b5b6-40f520b11dfa", "65863325-a8e5-4019-975a-4bf4dc2c3d7d", "a192284b-efc9-4450-ab64-e93a79900fd1"], [], []], "archive": ["3f9cc9ab-6f0c-4bf4-b446-2f4f2a5d876f", "052b08f2-3f33-418c-b5b6-40f520b11dfa", "65863325-a8e5-4019-975a-4bf4dc2c3d7d", "a192284b-efc9-4450-ab64-e93a79900fd1"], "best_program_id": "65863325-a8e5-4019-975a-4bf4dc2c3d7d", "island_best_programs": ["65863325-a8e5-4019-975a-4bf4dc2c3d7d", null, null], "last_iteration": 3, "current_island": 2, "island_generations": [1, 1, 1], "last_migration_generation": 0, "feature_stats": {"complexity": {"min": 9057.0, "max": 10039.0, "values": [9553.0, 9057.0, 10039.0, 10029.0]}, "diversity": {"min": 148.76666666666665, "max": 228.89999999999998, "values": [179.6, 228.89999999999998, 148.76666666666665]}}}