{"island_feature_maps": [{"5-0": "48768333-9f96-4ab2-8095-e73c293e62bf", "9-5": "69517a0c-a240-4901-b5c3-cb69eeef85f5", "9-9": "cc35f8ff-ce37-437a-8013-3f298aedf73f"}, {}, {}], "islands": [["48768333-9f96-4ab2-8095-e73c293e62bf", "cff0e6d2-ee5f-4c1f-8cc1-5dd0e4d4037d", "cc35f8ff-ce37-437a-8013-3f298aedf73f", "69517a0c-a240-4901-b5c3-cb69eeef85f5"], [], []], "archive": ["48768333-9f96-4ab2-8095-e73c293e62bf", "cff0e6d2-ee5f-4c1f-8cc1-5dd0e4d4037d", "cc35f8ff-ce37-437a-8013-3f298aedf73f", "69517a0c-a240-4901-b5c3-cb69eeef85f5"], "best_program_id": "48768333-9f96-4ab2-8095-e73c293e62bf", "island_best_programs": ["48768333-9f96-4ab2-8095-e73c293e62bf", null, null], "last_iteration": 3, "current_island": 2, "island_generations": [1, 1, 1], "last_migration_generation": 0, "feature_stats": {"complexity": {"min": 6335.0, "max": 6519.0, "values": [6335.0, 6339.0, 6361.0, 6519.0]}, "diversity": {"min": 0.4, "max": 27.900000000000002, "values": [0.4, 2.4000000000000004, 27.900000000000002]}}}