{
  "id": "a1d285a6-81be-462b-a21b-525dee6b459f",
  "generation": 0,
  "iteration": 0,
  "current_iteration": 3,
  "metrics": {
    "area_score": 0.009186,
    "delay_score": 0.0,
    "speed_score": -1.988226,
    "overall_score": 0.004593,
    "combined_score": 0.004593,
    "failed_rate": 0.0
  },
  "language": "cpp",
  "timestamp": 1763275442.30918,
  "saved_at": 1763275510.6904929
}