{
  "id": "42f32118-c9ab-468b-bfb8-b923ac0957a2",
  "generation": 1,
  "iteration": 3,
  "timestamp": 1763274427.0344956,
  "parent_id": "7de5715f-ff84-45c8-b5be-491ea48eaeed",
  "metrics": {
    "area_score": 0.009186,
    "delay_score": 0.0,
    "speed_score": -1.872432,
    "overall_score": 0.004593,
    "combined_score": 0.004593,
    "failed_rate": 0.0
  },
  "language": "cpp",
  "saved_at": 1763274434.407781
}