{
  "id": "5f1786d7-eb0f-4463-9e74-cd3c750916da",
  "generation": 0,
  "iteration": 0,
  "current_iteration": 3,
  "metrics": {
    "area_score": 0.012623,
    "delay_score": 0.0,
    "speed_score": -1.80425,
    "overall_score": 0.0063115,
    "combined_score": 0.0063115,
    "failed_rate": 0.0
  },
  "language": "cpp",
  "timestamp": 1763276677.7856622,
  "saved_at": 1763276738.1519206
}