{"island_feature_maps": [{"5-0": "03586e4c-28fe-4332-885b-1a44fcd2e400", "0-5": "68d4a888-80f3-4621-80ca-10542b562561", "1-0": "f8339d56-52f4-4ffd-8c84-649c56aac706"}, {}, {}], "islands": [["484bb1eb-a4d2-4862-865e-32e46ea8a5d0", "68d4a888-80f3-4621-80ca-10542b562561", "f8339d56-52f4-4ffd-8c84-649c56aac706", "03586e4c-28fe-4332-885b-1a44fcd2e400"], [], []], "archive": ["484bb1eb-a4d2-4862-865e-32e46ea8a5d0", "68d4a888-80f3-4621-80ca-10542b562561", "f8339d56-52f4-4ffd-8c84-649c56aac706", "03586e4c-28fe-4332-885b-1a44fcd2e400"], "best_program_id": "03586e4c-28fe-4332-885b-1a44fcd2e400", "island_best_programs": ["03586e4c-28fe-4332-885b-1a44fcd2e400", null, null], "last_iteration": 3, "current_island": 1, "island_generations": [2, 1, 0], "last_migration_generation": 0, "feature_stats": {"complexity": {"min": 9385.0, "max": 9881.0, "values": [9881.0, 9385.0, 9456.0, 9438.0]}, "diversity": {"min": 67.96666666666668, "max": 190.6, "values": [190.6, 95.3, 67.96666666666668]}}}