{
  "id": "7b819e90-6d33-491a-8ea4-3b9930861c35",
  "generation": 1,
  "iteration": 1,
  "current_iteration": 3,
  "metrics": {
    "area_score": 0.012623,
    "delay_score": 0.0,
    "speed_score": -1.983404,
    "overall_score": 0.0063115,
    "combined_score": 0.0063115,
    "failed_rate": 0.181818
  },
  "language": "cpp",
  "timestamp": 1763275916.1060827,
  "saved_at": 1763275926.4753785
}