{"island_feature_maps": [{"5-0": "ec18e661-0a24-4862-82cd-57de882dcb75", "0-5": "b5d76efa-fa5f-4aa9-b4e2-e7037064bcdd", "0-0": "2d4fff88-01a9-409f-b902-64f8963e0c2a", "9-2": "55830ab7-083d-4460-baf3-d1377294b805"}, {}, {}], "islands": [["ec18e661-0a24-4862-82cd-57de882dcb75", "b5d76efa-fa5f-4aa9-b4e2-e7037064bcdd", "55830ab7-083d-4460-baf3-d1377294b805", "2d4fff88-01a9-409f-b902-64f8963e0c2a"], [], []], "archive": ["ec18e661-0a24-4862-82cd-57de882dcb75", "b5d76efa-fa5f-4aa9-b4e2-e7037064bcdd", "55830ab7-083d-4460-baf3-d1377294b805", "2d4fff88-01a9-409f-b902-64f8963e0c2a"], "best_program_id": "ec18e661-0a24-4862-82cd-57de882dcb75", "island_best_programs": ["ec18e661-0a24-4862-82cd-57de882dcb75", null, null], "last_iteration": 3, "current_island": 1, "island_generations": [2, 1, 0], "last_migration_generation": 0, "feature_stats": {"complexity": {"min": 9233.0, "max": 9881.0, "values": [9881.0, 9233.0, 9259.0, 9844.0]}, "diversity": {"min": 112.39999999999999, "max": 224.8, "values": [224.8, 112.39999999999999, 141.1]}}}