{"island_feature_maps": [{"5-0": "5f9674c0-0bbc-4c5a-a57b-23ea2760cc8d", "9-5": "a7b1c842-f6ea-4bd4-8d66-4cc84331370c", "7-0": "faae66da-cdc1-48b3-8a77-bfdd53dc23f4", "8-0": "b53e86ab-e52f-4c48-9d2d-adb9216153c2"}, {}, {}], "islands": [["5f9674c0-0bbc-4c5a-a57b-23ea2760cc8d", "b53e86ab-e52f-4c48-9d2d-adb9216153c2", "a7b1c842-f6ea-4bd4-8d66-4cc84331370c", "faae66da-cdc1-48b3-8a77-bfdd53dc23f4"], [], []], "archive": ["5f9674c0-0bbc-4c5a-a57b-23ea2760cc8d", "b53e86ab-e52f-4c48-9d2d-adb9216153c2", "a7b1c842-f6ea-4bd4-8d66-4cc84331370c", "faae66da-cdc1-48b3-8a77-bfdd53dc23f4"], "best_program_id": "5f9674c0-0bbc-4c5a-a57b-23ea2760cc8d", "island_best_programs": ["5f9674c0-0bbc-4c5a-a57b-23ea2760cc8d", null, null], "last_iteration": 3, "current_island": 2, "island_generations": [1, 1, 1], "last_migration_generation": 0, "feature_stats": {"complexity": {"min": 5117.0, "max": 5941.0, "values": [5117.0, 5941.0, 5722.0, 5831.0]}, "diversity": {"min": 94.43333333333334, "max": 242.4, "values": [242.4, 121.2, 94.43333333333334]}}}