{
  "id": "806a7c49-a18e-4a95-8cde-b517d31bba10",
  "generation": 0,
  "iteration": 0,
  "timestamp": 1763233372.4941542,
  "parent_id": null,
  "metrics": {
    "area_score": 1.916248,
    "delay_score": -1.466161,
    "speed_score": -2.947874,
    "overall_score": 0.22504349999999995,
    "combined_score": 0.22504349999999995,
    "failed_rate": 0.0
  },
  "language": "cpp",
  "saved_at": 1763233455.6010737
}