{
  "id": "4b66aae7-ef5f-413b-a239-baf3502e3d3a",
  "generation": 1,
  "iteration": 2,
  "timestamp": 1763229402.4337482,
  "parent_id": "70d031e2-6ee6-4ab9-8e71-f486ad7db9fb",
  "metrics": {
    "area_score": 0.000973,
    "delay_score": 0.0,
    "speed_score": -1.901304,
    "overall_score": 0.0004865,
    "combined_score": 0.0004865,
    "failed_rate": 0.0
  },
  "language": "cpp",
  "saved_at": 1763229402.5290473
}