{
  "id": "6dcd6ad0-6ec2-4062-96db-362276320183",
  "generation": 3,
  "iteration": 52,
  "timestamp": 1755331692.679951,
  "parent_id": "6ff5b7a1-1847-403a-841f-9d28695dd2cf",
  "metrics": {
    "runs_successfully": 1.0,
    "value_score": 0.9996859395115888,
    "distance_score": 0.9995018068797555,
    "overall_score": 0.9999431296035389,
    "standard_deviation_score": 0.9999996839036178,
    "speed_score": 1.0,
    "reliability_score": 1.0,
    "combined_score": 0.9997156480176942,
    "success_rate": 1.0
  },
  "language": "python",
  "saved_at": 1755332305.193715
}