{
  "id": "265eae1a-1b79-4823-aae8-2bf348d25b22",
  "generation": 0,
  "iteration": 0,
  "current_iteration": 3,
  "metrics": {
    "area_score": 1.901989,
    "delay_score": -1.484214,
    "speed_score": -2.542818,
    "overall_score": 0.2088875,
    "combined_score": 0.2088875,
    "failed_rate": 0.0
  },
  "language": "cpp",
  "timestamp": 1763231887.1558201,
  "saved_at": 1763231959.4233809
}