{"island_feature_maps": [{"5-0": "265eae1a-1b79-4823-aae8-2bf348d25b22", "9-5": "d5d980c0-afa3-4141-afee-4a102af813a8", "6-0": "2123fba9-68be-47dc-b0a2-e34a129137dc", "4-0": "f4a08992-8893-4d31-a79a-72a076359a5d"}, {}, {}], "islands": [["f4a08992-8893-4d31-a79a-72a076359a5d", "265eae1a-1b79-4823-aae8-2bf348d25b22", "d5d980c0-afa3-4141-afee-4a102af813a8", "2123fba9-68be-47dc-b0a2-e34a129137dc"], [], []], "archive": ["f4a08992-8893-4d31-a79a-72a076359a5d", "265eae1a-1b79-4823-aae8-2bf348d25b22", "d5d980c0-afa3-4141-afee-4a102af813a8", "2123fba9-68be-47dc-b0a2-e34a129137dc"], "best_program_id": "265eae1a-1b79-4823-aae8-2bf348d25b22", "island_best_programs": ["265eae1a-1b79-4823-aae8-2bf348d25b22", null, null], "last_iteration": 3, "current_island": 1, "island_generations": [1, 2, 0], "last_migration_generation": 0, "feature_stats": {"complexity": {"min": 6335.0, "max": 7141.0, "values": [6335.0, 7141.0, 6853.0, 6705.0]}, "diversity": {"min": 92.46666666666665, "max": 222.10000000000002, "values": [222.10000000000002, 111.55000000000001, 92.46666666666665]}}}