{
  "id": "17d03d90-f954-4575-a8de-04cb9dbbd19d",
  "generation": 0,
  "iteration": 0,
  "current_iteration": 3,
  "metrics": {
    "area_score": 1.187989,
    "delay_score": -0.818704,
    "speed_score": -2.157158,
    "overall_score": 0.1846425,
    "combined_score": 0.1846425,
    "failed_rate": 0.0
  },
  "language": "cpp",
  "timestamp": 1763261710.9777248,
  "saved_at": 1763261774.7697735
}