{"island_feature_maps": [{"5-0": "17d03d90-f954-4575-a8de-04cb9dbbd19d", "0-5": "0427f18f-c0ac-4dc8-9137-acd934142d02", "0-0": "96f62ce1-2797-472f-89f1-625e3256a1d3"}, {}, {}], "islands": [["96f62ce1-2797-472f-89f1-625e3256a1d3", "17d03d90-f954-4575-a8de-04cb9dbbd19d", "6d765754-7e58-4e28-9d52-de9894abab21", "0427f18f-c0ac-4dc8-9137-acd934142d02"], [], []], "archive": ["96f62ce1-2797-472f-89f1-625e3256a1d3", "17d03d90-f954-4575-a8de-04cb9dbbd19d", "6d765754-7e58-4e28-9d52-de9894abab21", "0427f18f-c0ac-4dc8-9137-acd934142d02"], "best_program_id": "17d03d90-f954-4575-a8de-04cb9dbbd19d", "island_best_programs": ["17d03d90-f954-4575-a8de-04cb9dbbd19d", null, null], "last_iteration": 3, "current_island": 2, "island_generations": [1, 1, 1], "last_migration_generation": 0, "feature_stats": {"complexity": {"min": 8989.0, "max": 9881.0, "values": [9881.0, 8989.0, 8989.0, 9073.0]}, "diversity": {"min": 99.19999999999999, "max": 279.2, "values": [279.2, 279.2, 99.19999999999999]}}}