{"island_feature_maps": [{"5-0": "f810b398-d967-4f1c-9b36-c8087621a025", "9-5": "640a0ed0-6301-4047-b1eb-ea43199cfd03", "9-0": "bf351b2c-1e06-4ea5-abe8-9762590fd725"}, {}, {}], "islands": [["640a0ed0-6301-4047-b1eb-ea43199cfd03", "f810b398-d967-4f1c-9b36-c8087621a025", "0b3c2561-bf8b-4ba3-a3f1-0a14a6b7def0", "bf351b2c-1e06-4ea5-abe8-9762590fd725"], [], []], "archive": ["640a0ed0-6301-4047-b1eb-ea43199cfd03", "f810b398-d967-4f1c-9b36-c8087621a025", "0b3c2561-bf8b-4ba3-a3f1-0a14a6b7def0", "bf351b2c-1e06-4ea5-abe8-9762590fd725"], "best_program_id": "f810b398-d967-4f1c-9b36-c8087621a025", "island_best_programs": ["f810b398-d967-4f1c-9b36-c8087621a025", null, null], "last_iteration": 3, "current_island": 1, "island_generations": [2, 1, 0], "last_migration_generation": 0, "feature_stats": {"complexity": {"min": 13578.0, "max": 13593.0, "values": [13578.0, 13592.0, 13593.0, 13593.0]}, "diversity": {"min": 1.05, "max": 1.9000000000000001, "values": [1.9000000000000001, 1.05, 1.05]}}}