{
  "id": "48768333-9f96-4ab2-8095-e73c293e62bf",
  "generation": 0,
  "iteration": 0,
  "timestamp": 1763231693.0623384,
  "parent_id": null,
  "metrics": {
    "area_score": 1.901989,
    "delay_score": -1.484214,
    "speed_score": -2.331027,
    "overall_score": 0.2088875,
    "combined_score": 0.2088875,
    "failed_rate": 0.0
  },
  "language": "cpp",
  "saved_at": 1763231776.141323
}